,commodity,level,mode,node_loc,node_origin,technology,time,time_origin,unit,value,year_act,year_vtg
0,electr,secondary,M1,South Africa,South Africa,meth_ng,year,year,GWa,0.0,2020,2020
1,electr,secondary,M1,South Africa,South Africa,meth_ng,year,year,GWa,0.0,2030,2030
2,electr,secondary,M1,South Africa,South Africa,meth_ng,year,year,GWa,0.0,2040,2040
3,electr,secondary,M1,South Africa,South Africa,meth_ng,year,year,GWa,0.0,2050,2050
4,electr,secondary,M1,South Africa,South Africa,meth_ng_ccs,year,year,GWa,0.0016666667,2020,2020
5,electr,secondary,M1,South Africa,South Africa,meth_ng_ccs,year,year,GWa,0.0016666667,2030,2030
6,electr,secondary,M1,South Africa,South Africa,meth_ng_ccs,year,year,GWa,0.0016666667,2040,2040
7,electr,secondary,M1,South Africa,South Africa,meth_ng_ccs,year,year,GWa,0.0016666667,2050,2050
8,electr,secondary,M1,South Africa,South Africa,meth_coal,year,year,GWa,0.0,2020,2020
9,electr,secondary,M1,South Africa,South Africa,meth_coal,year,year,GWa,0.0,2030,2030
10,electr,secondary,M1,South Africa,South Africa,meth_coal,year,year,GWa,0.0,2040,2040
11,electr,secondary,M1,South Africa,South Africa,meth_coal,year,year,GWa,0.0,2050,2050
12,electr,secondary,M1,South Africa,South Africa,meth_coal_ccs,year,year,GWa,0.0,2020,2020
13,electr,secondary,M1,South Africa,South Africa,meth_coal_ccs,year,year,GWa,0.0,2030,2030
14,electr,secondary,M1,South Africa,South Africa,meth_coal_ccs,year,year,GWa,0.0,2040,2040
15,electr,secondary,M1,South Africa,South Africa,meth_coal_ccs,year,year,GWa,0.0,2050,2050
16,electr,secondary,M1,South Africa,South Africa,gas_bio,year,year,GWa,0.13711911,2010,2010
17,electr,secondary,M1,South Africa,South Africa,gas_bio,year,year,GWa,0.13414635,2020,2020
18,electr,secondary,M1,South Africa,South Africa,gas_bio,year,year,GWa,0.13129973,2030,2030
19,electr,secondary,M1,South Africa,South Africa,gas_bio,year,year,GWa,0.12857144,2040,2040
20,electr,secondary,M1,South Africa,South Africa,gas_bio,year,year,GWa,0.12857144,2050,2050
21,coal,resource,M1,South Africa,South Africa,coal_extr,year,year,GWa,1.0,1990,1990
22,coal,resource,M1,South Africa,South Africa,coal_extr,year,year,GWa,1.0,1995,1995
23,coal,resource,M1,South Africa,South Africa,coal_extr,year,year,GWa,1.0,2000,2000
24,coal,resource,M1,South Africa,South Africa,coal_extr,year,year,GWa,1.0,2005,2005
25,coal,resource,M1,South Africa,South Africa,coal_extr,year,year,GWa,1.0,2010,2010
26,coal,resource,M1,South Africa,South Africa,coal_extr,year,year,GWa,1.0,2020,2020
27,coal,resource,M1,South Africa,South Africa,coal_extr,year,year,GWa,1.0,2030,2030
28,coal,resource,M1,South Africa,South Africa,coal_extr,year,year,GWa,1.0,2040,2040
29,coal,resource,M1,South Africa,South Africa,coal_extr,year,year,GWa,1.0,2050,2050
30,gas,primary,M1,South Africa,South Africa,gas_bal,year,year,GWa,1.0,1990,1990
31,gas,primary,M1,South Africa,South Africa,gas_bal,year,year,GWa,1.0,1995,1995
32,gas,primary,M1,South Africa,South Africa,gas_bal,year,year,GWa,1.0,2000,2000
33,gas,primary,M1,South Africa,South Africa,gas_bal,year,year,GWa,1.0,2005,2005
34,gas,primary,M1,South Africa,South Africa,gas_bal,year,year,GWa,1.0,2010,2010
35,gas,primary,M1,South Africa,South Africa,gas_bal,year,year,GWa,1.0,2020,2020
36,gas,primary,M1,South Africa,South Africa,gas_bal,year,year,GWa,1.0,2030,2030
37,gas,primary,M1,South Africa,South Africa,gas_bal,year,year,GWa,1.0,2040,2040
38,gas,primary,M1,South Africa,South Africa,gas_bal,year,year,GWa,1.0,2050,2050
39,crudeoil,primary,M1,South Africa,South Africa,oil_bal,year,year,GWa,1.0,1990,1990
40,crudeoil,primary,M1,South Africa,South Africa,oil_bal,year,year,GWa,1.0,1995,1995
41,crudeoil,primary,M1,South Africa,South Africa,oil_bal,year,year,GWa,1.0,2000,2000
42,crudeoil,primary,M1,South Africa,South Africa,oil_bal,year,year,GWa,1.0,2005,2005
43,crudeoil,primary,M1,South Africa,South Africa,oil_bal,year,year,GWa,1.0,2010,2010
44,crudeoil,primary,M1,South Africa,South Africa,oil_bal,year,year,GWa,1.0,2020,2020
45,crudeoil,primary,M1,South Africa,South Africa,oil_bal,year,year,GWa,1.0,2030,2030
46,crudeoil,primary,M1,South Africa,South Africa,oil_bal,year,year,GWa,1.0,2040,2040
47,crudeoil,primary,M1,South Africa,South Africa,oil_bal,year,year,GWa,1.0,2050,2050
48,coal,primary,M1,South Africa,South Africa,coal_bal,year,year,GWa,1.0,1990,1990
49,coal,primary,M1,South Africa,South Africa,coal_bal,year,year,GWa,1.0,1995,1995
50,coal,primary,M1,South Africa,South Africa,coal_bal,year,year,GWa,1.2820513,2000,2000
51,coal,primary,M1,South Africa,South Africa,coal_bal,year,year,GWa,1.3157895,2005,2005
52,coal,primary,M1,South Africa,South Africa,coal_bal,year,year,GWa,1.3157895,2010,2010
53,coal,primary,M1,South Africa,South Africa,coal_bal,year,year,GWa,1.1764706,2020,2020
54,coal,primary,M1,South Africa,South Africa,coal_bal,year,year,GWa,1.1111112,2030,2030
55,coal,primary,M1,South Africa,South Africa,coal_bal,year,year,GWa,1.0,2040,2040
56,coal,primary,M1,South Africa,South Africa,coal_bal,year,year,GWa,1.0,2050,2050
57,coal,secondary,M1,South Africa,South Africa,coal_gas,year,year,GWa,1.3157895,2010,2010
58,coal,secondary,M1,South Africa,South Africa,coal_gas,year,year,GWa,1.3157895,2020,2020
59,coal,secondary,M1,South Africa,South Africa,coal_gas,year,year,GWa,1.3157895,2030,2030
60,coal,secondary,M1,South Africa,South Africa,coal_gas,year,year,GWa,1.3157895,2040,2040
61,coal,secondary,M1,South Africa,South Africa,coal_gas,year,year,GWa,1.3157895,2050,2050
62,coal,secondary,M1,South Africa,South Africa,syn_liq,year,year,GWa,2.2727273,2020,2020
63,coal,secondary,M1,South Africa,South Africa,syn_liq,year,year,GWa,2.2727273,2030,2030
64,coal,secondary,M1,South Africa,South Africa,syn_liq,year,year,GWa,2.2727273,2040,2040
65,coal,secondary,M1,South Africa,South Africa,syn_liq,year,year,GWa,2.2727273,2050,2050
66,coal,secondary,M1,South Africa,South Africa,syn_liq_ccs,year,year,GWa,2.2727273,2020,2020
67,coal,secondary,M1,South Africa,South Africa,syn_liq_ccs,year,year,GWa,2.2727273,2030,2030
68,coal,secondary,M1,South Africa,South Africa,syn_liq_ccs,year,year,GWa,2.2727273,2040,2040
69,coal,secondary,M1,South Africa,South Africa,syn_liq_ccs,year,year,GWa,2.2727273,2050,2050
70,crudeoil,secondary,M1,South Africa,South Africa,ref_hil,year,year,GWa,1.0989012,1995,1995
71,crudeoil,secondary,M1,South Africa,South Africa,ref_hil,year,year,GWa,1.0869565,2000,2000
72,crudeoil,secondary,M1,South Africa,South Africa,ref_hil,year,year,GWa,1.081081,2005,2005
73,crudeoil,secondary,M1,South Africa,South Africa,ref_hil,year,year,GWa,1.0752689,2010,2010
74,crudeoil,secondary,M1,South Africa,South Africa,ref_hil,year,year,GWa,1.0638298,2020,2020
75,crudeoil,secondary,M1,South Africa,South Africa,ref_hil,year,year,GWa,1.0526316,2030,2030
76,crudeoil,secondary,M1,South Africa,South Africa,ref_hil,year,year,GWa,1.0526316,2040,2040
77,crudeoil,secondary,M1,South Africa,South Africa,ref_hil,year,year,GWa,1.0526316,2050,2050
78,gas,secondary,M1,South Africa,South Africa,meth_ng,year,year,GWa,1.6666666,2020,2020
79,gas,secondary,M1,South Africa,South Africa,meth_ng,year,year,GWa,1.6666666,2030,2030
80,gas,secondary,M1,South Africa,South Africa,meth_ng,year,year,GWa,1.6666666,2040,2040
81,gas,secondary,M1,South Africa,South Africa,meth_ng,year,year,GWa,1.6666666,2050,2050
82,gas,secondary,M1,South Africa,South Africa,meth_ng_ccs,year,year,GWa,1.6666666,2020,2020
83,gas,secondary,M1,South Africa,South Africa,meth_ng_ccs,year,year,GWa,1.6666666,2030,2030
84,gas,secondary,M1,South Africa,South Africa,meth_ng_ccs,year,year,GWa,1.6666666,2040,2040
85,gas,secondary,M1,South Africa,South Africa,meth_ng_ccs,year,year,GWa,1.6666666,2050,2050
86,coal,secondary,M1,South Africa,South Africa,meth_coal,year,year,GWa,1.9230769,2020,2020
87,coal,secondary,M1,South Africa,South Africa,meth_coal,year,year,GWa,1.9230769,2030,2030
88,coal,secondary,M1,South Africa,South Africa,meth_coal,year,year,GWa,1.9230769,2040,2040
89,coal,secondary,M1,South Africa,South Africa,meth_coal,year,year,GWa,1.9230769,2050,2050
90,coal,secondary,M1,South Africa,South Africa,meth_coal_ccs,year,year,GWa,1.9230769,2020,2020
91,coal,secondary,M1,South Africa,South Africa,meth_coal_ccs,year,year,GWa,1.9230769,2030,2030
92,coal,secondary,M1,South Africa,South Africa,meth_coal_ccs,year,year,GWa,1.9230769,2040,2040
93,coal,secondary,M1,South Africa,South Africa,meth_coal_ccs,year,year,GWa,1.9230769,2050,2050
94,biomass,primary,M1,South Africa,South Africa,gas_bio,year,year,GWa,1.3850416,2010,2010
95,biomass,primary,M1,South Africa,South Africa,gas_bio,year,year,GWa,1.3550136,2020,2020
96,biomass,primary,M1,South Africa,South Africa,gas_bio,year,year,GWa,1.32626,2030,2030
97,biomass,primary,M1,South Africa,South Africa,gas_bio,year,year,GWa,1.2987013,2040,2040
98,biomass,primary,M1,South Africa,South Africa,gas_bio,year,year,GWa,1.2987013,2050,2050
99,coal,secondary,M1,South Africa,South Africa,coal_ppl,year,year,GWa,2.631579,1995,1995
100,coal,secondary,M1,South Africa,South Africa,coal_ppl,year,year,GWa,2.9411764,2000,2000
101,coal,secondary,M1,South Africa,South Africa,coal_ppl,year,year,GWa,2.7027028,2005,2005
102,coal,secondary,M1,South Africa,South Africa,coal_ppl,year,year,GWa,2.631579,2010,2010
103,coal,secondary,M1,South Africa,South Africa,coal_ppl,year,year,GWa,2.6041667,2020,2020
104,coal,secondary,M1,South Africa,South Africa,coal_ppl,year,year,GWa,2.5595086,2030,2030
105,coal,secondary,M1,South Africa,South Africa,coal_ppl,year,year,GWa,2.5169897,2040,2040
106,coal,secondary,M1,South Africa,South Africa,coal_ppl,year,year,GWa,2.5,2050,2050
107,coal,secondary,M1,South Africa,South Africa,coal_adv,year,year,GWa,2.1276596,2010,2010
108,coal,secondary,M1,South Africa,South Africa,coal_adv,year,year,GWa,2.1276596,2020,2020
109,coal,secondary,M1,South Africa,South Africa,coal_adv,year,year,GWa,2.1276596,2030,2030
110,coal,secondary,M1,South Africa,South Africa,coal_adv,year,year,GWa,2.1276596,2040,2040
111,coal,secondary,M1,South Africa,South Africa,coal_adv,year,year,GWa,2.1276596,2050,2050
112,coal,secondary,M1,South Africa,South Africa,coal_adv_ccs,year,year,GWa,2.857143,2020,2020
113,coal,secondary,M1,South Africa,South Africa,coal_adv_ccs,year,year,GWa,2.857143,2030,2030
114,coal,secondary,M1,South Africa,South Africa,coal_adv_ccs,year,year,GWa,2.857143,2040,2040
115,coal,secondary,M1,South Africa,South Africa,coal_adv_ccs,year,year,GWa,2.857143,2050,2050
116,coal,secondary,M1,South Africa,South Africa,igcc,year,year,GWa,2.3809524,2010,2010
117,coal,secondary,M1,South Africa,South Africa,igcc,year,year,GWa,2.3809524,2020,2020
118,coal,secondary,M1,South Africa,South Africa,igcc,year,year,GWa,2.3809524,2030,2030
119,coal,secondary,M1,South Africa,South Africa,igcc,year,year,GWa,2.3809524,2040,2040
120,coal,secondary,M1,South Africa,South Africa,igcc,year,year,GWa,2.3809524,2050,2050
121,coal,secondary,M1,South Africa,South Africa,igcc_ccs,year,year,GWa,2.9411764,2020,2020
122,coal,secondary,M1,South Africa,South Africa,igcc_ccs,year,year,GWa,2.9411764,2030,2030
123,coal,secondary,M1,South Africa,South Africa,igcc_ccs,year,year,GWa,2.9411764,2040,2040
124,coal,secondary,M1,South Africa,South Africa,igcc_ccs,year,year,GWa,2.9411764,2050,2050
125,fueloil,secondary,M1,South Africa,South Africa,foil_ppl,year,year,GWa,2.688172,1990,1990
126,fueloil,secondary,M1,South Africa,South Africa,foil_ppl,year,year,GWa,2.5,1995,1995
127,fueloil,secondary,M1,South Africa,South Africa,foil_ppl,year,year,GWa,3.4482758,2000,2000
128,fueloil,secondary,M1,South Africa,South Africa,foil_ppl,year,year,GWa,3.3333333,2005,2005
129,fueloil,secondary,M1,South Africa,South Africa,foil_ppl,year,year,GWa,2.5,2010,2010
130,fueloil,secondary,M1,South Africa,South Africa,foil_ppl,year,year,GWa,2.5,2020,2020
131,fueloil,secondary,M1,South Africa,South Africa,foil_ppl,year,year,GWa,2.5,2030,2030
132,fueloil,secondary,M1,South Africa,South Africa,foil_ppl,year,year,GWa,2.5,2040,2040
133,fueloil,secondary,M1,South Africa,South Africa,foil_ppl,year,year,GWa,2.5,2050,2050
134,lightoil,secondary,M1,South Africa,South Africa,loil_ppl,year,year,GWa,2.5380712,1990,1990
135,lightoil,secondary,M1,South Africa,South Africa,loil_ppl,year,year,GWa,3.4482758,1995,1995
136,lightoil,secondary,M1,South Africa,South Africa,loil_ppl,year,year,GWa,3.5714285,2000,2000
137,lightoil,secondary,M1,South Africa,South Africa,loil_ppl,year,year,GWa,2.5,2005,2005
138,lightoil,secondary,M1,South Africa,South Africa,loil_ppl,year,year,GWa,2.5,2010,2010
139,lightoil,secondary,M1,South Africa,South Africa,loil_ppl,year,year,GWa,2.5,2020,2020
140,lightoil,secondary,M1,South Africa,South Africa,loil_ppl,year,year,GWa,2.5,2030,2030
141,lightoil,secondary,M1,South Africa,South Africa,loil_ppl,year,year,GWa,2.5,2040,2040
142,lightoil,secondary,M1,South Africa,South Africa,loil_ppl,year,year,GWa,2.5,2050,2050
143,gas,secondary,M1,South Africa,South Africa,gas_ppl,year,year,GWa,3.0959752,1990,1990
144,gas,secondary,M1,South Africa,South Africa,gas_ppl,year,year,GWa,3.030303,1995,1995
145,gas,secondary,M1,South Africa,South Africa,gas_ppl,year,year,GWa,3.125,2000,2000
146,gas,secondary,M1,South Africa,South Africa,gas_ppl,year,year,GWa,2.7777777,2005,2005
147,gas,secondary,M1,South Africa,South Africa,gas_ppl,year,year,GWa,2.857143,2010,2010
148,gas,secondary,M1,South Africa,South Africa,gas_ppl,year,year,GWa,2.5,2020,2020
149,gas,secondary,M1,South Africa,South Africa,gas_ppl,year,year,GWa,2.5,2030,2030
150,gas,secondary,M1,South Africa,South Africa,gas_ppl,year,year,GWa,2.5,2040,2040
151,gas,secondary,M1,South Africa,South Africa,gas_ppl,year,year,GWa,2.5,2050,2050
152,gas,secondary,M1,South Africa,South Africa,gas_ct,year,year,GWa,2.6184864,1990,1990
153,gas,secondary,M1,South Africa,South Africa,gas_ct,year,year,GWa,2.5641026,1995,1995
154,gas,secondary,M1,South Africa,South Africa,gas_ct,year,year,GWa,2.5641026,2000,2000
155,gas,secondary,M1,South Africa,South Africa,gas_ct,year,year,GWa,2.2988505,2005,2005
156,gas,secondary,M1,South Africa,South Africa,gas_ct,year,year,GWa,2.5,2010,2010
157,gas,secondary,M1,South Africa,South Africa,gas_ct,year,year,GWa,2.5,2020,2020
158,gas,secondary,M1,South Africa,South Africa,gas_ct,year,year,GWa,2.5,2030,2030
159,gas,secondary,M1,South Africa,South Africa,gas_ct,year,year,GWa,2.5,2040,2040
160,gas,secondary,M1,South Africa,South Africa,gas_ct,year,year,GWa,2.5,2050,2050
161,gas,secondary,M1,South Africa,South Africa,gas_cc,year,year,GWa,1.8867924,1995,1995
162,gas,secondary,M1,South Africa,South Africa,gas_cc,year,year,GWa,1.8518518,2000,2000
163,gas,secondary,M1,South Africa,South Africa,gas_cc,year,year,GWa,1.8181819,2005,2005
164,gas,secondary,M1,South Africa,South Africa,gas_cc,year,year,GWa,1.7857143,2010,2010
165,gas,secondary,M1,South Africa,South Africa,gas_cc,year,year,GWa,1.7857143,2020,2020
166,gas,secondary,M1,South Africa,South Africa,gas_cc,year,year,GWa,1.7857143,2030,2030
167,gas,secondary,M1,South Africa,South Africa,gas_cc,year,year,GWa,1.7857143,2040,2040
168,gas,secondary,M1,South Africa,South Africa,gas_cc,year,year,GWa,1.7857143,2050,2050
169,gas,secondary,M1,South Africa,South Africa,gas_cc_ccs,year,year,GWa,2.0833333,2020,2020
170,gas,secondary,M1,South Africa,South Africa,gas_cc_ccs,year,year,GWa,2.0833333,2030,2030
171,gas,secondary,M1,South Africa,South Africa,gas_cc_ccs,year,year,GWa,2.0833333,2040,2040
172,gas,secondary,M1,South Africa,South Africa,gas_cc_ccs,year,year,GWa,2.0833333,2050,2050
173,biomass,primary,M1,South Africa,South Africa,bio_istig,year,year,GWa,2.7027028,2010,2010
174,biomass,primary,M1,South Africa,South Africa,bio_istig,year,year,GWa,2.7027028,2020,2020
175,biomass,primary,M1,South Africa,South Africa,bio_istig,year,year,GWa,2.7027028,2030,2030
176,biomass,primary,M1,South Africa,South Africa,bio_istig,year,year,GWa,2.7027028,2040,2040
177,biomass,primary,M1,South Africa,South Africa,bio_istig,year,year,GWa,2.7027028,2050,2050
178,electr,secondary,M1,South Africa,South Africa,elec_t_d,year,year,GWa,1.1904762,1990,1990
179,electr,secondary,M1,South Africa,South Africa,elec_t_d,year,year,GWa,1.183432,1995,1995
180,electr,secondary,M1,South Africa,South Africa,elec_t_d,year,year,GWa,1.2820513,2000,2000
181,electr,secondary,M1,South Africa,South Africa,elec_t_d,year,year,GWa,1.2195122,2005,2005
182,electr,secondary,M1,South Africa,South Africa,elec_t_d,year,year,GWa,1.2048193,2010,2010
183,electr,secondary,M1,South Africa,South Africa,elec_t_d,year,year,GWa,1.1627907,2020,2020
184,electr,secondary,M1,South Africa,South Africa,elec_t_d,year,year,GWa,1.1494253,2030,2030
185,electr,secondary,M1,South Africa,South Africa,elec_t_d,year,year,GWa,1.1363636,2040,2040
186,electr,secondary,M1,South Africa,South Africa,elec_t_d,year,year,GWa,1.1235955,2050,2050
187,coal,secondary,M1,South Africa,South Africa,coal_t_d,year,year,GWa,1.0,1990,1990
188,coal,secondary,M1,South Africa,South Africa,coal_t_d,year,year,GWa,1.0,1995,1995
189,coal,secondary,M1,South Africa,South Africa,coal_t_d,year,year,GWa,1.0,2000,2000
190,coal,secondary,M1,South Africa,South Africa,coal_t_d,year,year,GWa,1.0,2005,2005
191,coal,secondary,M1,South Africa,South Africa,coal_t_d,year,year,GWa,1.0,2010,2010
192,coal,secondary,M1,South Africa,South Africa,coal_t_d,year,year,GWa,1.0,2020,2020
193,coal,secondary,M1,South Africa,South Africa,coal_t_d,year,year,GWa,1.0,2030,2030
194,coal,secondary,M1,South Africa,South Africa,coal_t_d,year,year,GWa,1.0,2040,2040
195,coal,secondary,M1,South Africa,South Africa,coal_t_d,year,year,GWa,1.0,2050,2050
196,fueloil,secondary,M1,South Africa,South Africa,foil_t_d,year,year,GWa,1.0,1990,1990
197,fueloil,secondary,M1,South Africa,South Africa,foil_t_d,year,year,GWa,1.002004,1995,1995
198,fueloil,secondary,M1,South Africa,South Africa,foil_t_d,year,year,GWa,1.1904762,2000,2000
199,fueloil,secondary,M1,South Africa,South Africa,foil_t_d,year,year,GWa,1.0638298,2005,2005
200,fueloil,secondary,M1,South Africa,South Africa,foil_t_d,year,year,GWa,1.0070493,2010,2010
201,fueloil,secondary,M1,South Africa,South Africa,foil_t_d,year,year,GWa,1.010101,2020,2020
202,fueloil,secondary,M1,South Africa,South Africa,foil_t_d,year,year,GWa,1.010101,2030,2030
203,fueloil,secondary,M1,South Africa,South Africa,foil_t_d,year,year,GWa,1.010101,2040,2040
204,fueloil,secondary,M1,South Africa,South Africa,foil_t_d,year,year,GWa,1.010101,2050,2050
205,lightoil,secondary,M1,South Africa,South Africa,loil_t_d,year,year,GWa,1.0,1990,1990
206,lightoil,secondary,M1,South Africa,South Africa,loil_t_d,year,year,GWa,1.002004,1995,1995
207,lightoil,secondary,M1,South Africa,South Africa,loil_t_d,year,year,GWa,1.0,2000,2000
208,lightoil,secondary,M1,South Africa,South Africa,loil_t_d,year,year,GWa,1.0309278,2005,2005
209,lightoil,secondary,M1,South Africa,South Africa,loil_t_d,year,year,GWa,1.0070493,2010,2010
210,lightoil,secondary,M1,South Africa,South Africa,loil_t_d,year,year,GWa,1.010101,2020,2020
211,lightoil,secondary,M1,South Africa,South Africa,loil_t_d,year,year,GWa,1.010101,2030,2030
212,lightoil,secondary,M1,South Africa,South Africa,loil_t_d,year,year,GWa,1.010101,2040,2040
213,lightoil,secondary,M1,South Africa,South Africa,loil_t_d,year,year,GWa,1.010101,2050,2050
214,gas,secondary,M1,South Africa,South Africa,gas_t_d,year,year,GWa,1.6393442,1990,1990
215,gas,secondary,M1,South Africa,South Africa,gas_t_d,year,year,GWa,1.5673981,1995,1995
216,gas,secondary,M1,South Africa,South Africa,gas_t_d,year,year,GWa,2.1929824,2000,2000
217,gas,secondary,M1,South Africa,South Africa,gas_t_d,year,year,GWa,2.3364487,2005,2005
218,gas,secondary,M1,South Africa,South Africa,gas_t_d,year,year,GWa,2.173913,2010,2010
219,gas,secondary,M1,South Africa,South Africa,gas_t_d,year,year,GWa,1.6666666,2020,2020
220,gas,secondary,M1,South Africa,South Africa,gas_t_d,year,year,GWa,1.3831259,2030,2030
221,gas,secondary,M1,South Africa,South Africa,gas_t_d,year,year,GWa,1.2820513,2040,2040
222,gas,secondary,M1,South Africa,South Africa,gas_t_d,year,year,GWa,1.1947432,2050,2050
223,biomass,primary,M1,South Africa,South Africa,biomass_t_d,year,year,GWa,1.0,1990,1990
224,biomass,primary,M1,South Africa,South Africa,biomass_t_d,year,year,GWa,1.0,1995,1995
225,biomass,primary,M1,South Africa,South Africa,biomass_t_d,year,year,GWa,1.0989012,2000,2000
226,biomass,primary,M1,South Africa,South Africa,biomass_t_d,year,year,GWa,1.0989012,2005,2005
227,biomass,primary,M1,South Africa,South Africa,biomass_t_d,year,year,GWa,1.0,2010,2010
228,biomass,primary,M1,South Africa,South Africa,biomass_t_d,year,year,GWa,1.0,2020,2020
229,biomass,primary,M1,South Africa,South Africa,biomass_t_d,year,year,GWa,1.0,2030,2030
230,biomass,primary,M1,South Africa,South Africa,biomass_t_d,year,year,GWa,1.0,2040,2040
231,biomass,primary,M1,South Africa,South Africa,biomass_t_d,year,year,GWa,1.0,2050,2050
232,electr,final,M1,South Africa,South Africa,sp_el_I,year,year,GWa,1.3333334,1990,1990
233,electr,final,M1,South Africa,South Africa,sp_el_I,year,year,GWa,1.3333334,1995,1995
234,electr,final,M1,South Africa,South Africa,sp_el_I,year,year,GWa,1.3333334,2000,2000
235,electr,final,M1,South Africa,South Africa,sp_el_I,year,year,GWa,1.3245033,2005,2005
236,electr,final,M1,South Africa,South Africa,sp_el_I,year,year,GWa,1.3157895,2010,2010
237,electr,final,M1,South Africa,South Africa,sp_el_I,year,year,GWa,1.2987013,2020,2020
238,electr,final,M1,South Africa,South Africa,sp_el_I,year,year,GWa,1.2820513,2030,2030
239,electr,final,M1,South Africa,South Africa,sp_el_I,year,year,GWa,1.25,2040,2040
240,electr,final,M1,South Africa,South Africa,sp_el_I,year,year,GWa,1.2195122,2050,2050
241,coal,final,M1,South Africa,South Africa,coal_i,year,year,GWa,2.2222223,1990,1990
242,coal,final,M1,South Africa,South Africa,coal_i,year,year,GWa,2.2222223,1995,1995
243,coal,final,M1,South Africa,South Africa,coal_i,year,year,GWa,2.2222223,2000,2000
244,coal,final,M1,South Africa,South Africa,coal_i,year,year,GWa,2.1276596,2005,2005
245,coal,final,M1,South Africa,South Africa,coal_i,year,year,GWa,2.0408163,2010,2010
246,coal,final,M1,South Africa,South Africa,coal_i,year,year,GWa,1.8518518,2020,2020
247,coal,final,M1,South Africa,South Africa,coal_i,year,year,GWa,1.6949153,2030,2030
248,coal,final,M1,South Africa,South Africa,coal_i,year,year,GWa,1.5625,2040,2040
249,coal,final,M1,South Africa,South Africa,coal_i,year,year,GWa,1.4705882,2050,2050
250,fueloil,final,M1,South Africa,South Africa,foil_i,year,year,GWa,1.8181819,1990,1990
251,fueloil,final,M1,South Africa,South Africa,foil_i,year,year,GWa,1.8181819,1995,1995
252,fueloil,final,M1,South Africa,South Africa,foil_i,year,year,GWa,1.8181819,2000,2000
253,fueloil,final,M1,South Africa,South Africa,foil_i,year,year,GWa,1.754386,2005,2005
254,fueloil,final,M1,South Africa,South Africa,foil_i,year,year,GWa,1.6949153,2010,2010
255,fueloil,final,M1,South Africa,South Africa,foil_i,year,year,GWa,1.5873016,2020,2020
256,fueloil,final,M1,South Africa,South Africa,foil_i,year,year,GWa,1.4925373,2030,2030
257,fueloil,final,M1,South Africa,South Africa,foil_i,year,year,GWa,1.4084507,2040,2040
258,fueloil,final,M1,South Africa,South Africa,foil_i,year,year,GWa,1.3333334,2050,2050
259,lightoil,final,M1,South Africa,South Africa,loil_i,year,year,GWa,1.8181819,1990,1990
260,lightoil,final,M1,South Africa,South Africa,loil_i,year,year,GWa,1.8181819,1995,1995
261,lightoil,final,M1,South Africa,South Africa,loil_i,year,year,GWa,1.8181819,2000,2000
262,lightoil,final,M1,South Africa,South Africa,loil_i,year,year,GWa,1.754386,2005,2005
263,lightoil,final,M1,South Africa,South Africa,loil_i,year,year,GWa,1.6949153,2010,2010
264,lightoil,final,M1,South Africa,South Africa,loil_i,year,year,GWa,1.5873016,2020,2020
265,lightoil,final,M1,South Africa,South Africa,loil_i,year,year,GWa,1.4925373,2030,2030
266,lightoil,final,M1,South Africa,South Africa,loil_i,year,year,GWa,1.4084507,2040,2040
267,lightoil,final,M1,South Africa,South Africa,loil_i,year,year,GWa,1.3333334,2050,2050
268,gas,final,M1,South Africa,South Africa,gas_i,year,year,GWa,1.5384616,1990,1990
269,gas,final,M1,South Africa,South Africa,gas_i,year,year,GWa,1.5384616,1995,1995
270,gas,final,M1,South Africa,South Africa,gas_i,year,year,GWa,1.5384616,2000,2000
271,gas,final,M1,South Africa,South Africa,gas_i,year,year,GWa,1.5037594,2005,2005
272,gas,final,M1,South Africa,South Africa,gas_i,year,year,GWa,1.4705882,2010,2010
273,gas,final,M1,South Africa,South Africa,gas_i,year,year,GWa,1.4084507,2020,2020
274,gas,final,M1,South Africa,South Africa,gas_i,year,year,GWa,1.3513514,2030,2030
275,gas,final,M1,South Africa,South Africa,gas_i,year,year,GWa,1.2987013,2040,2040
276,gas,final,M1,South Africa,South Africa,gas_i,year,year,GWa,1.25,2050,2050
277,biomass,final,M1,South Africa,South Africa,biomass_i,year,year,GWa,1.8867924,1995,1995
278,biomass,final,M1,South Africa,South Africa,biomass_i,year,year,GWa,2.2222223,2000,2000
279,biomass,final,M1,South Africa,South Africa,biomass_i,year,year,GWa,1.9417475,2005,2005
280,biomass,final,M1,South Africa,South Africa,biomass_i,year,year,GWa,1.8867924,2010,2010
281,biomass,final,M1,South Africa,South Africa,biomass_i,year,year,GWa,1.7857143,2020,2020
282,biomass,final,M1,South Africa,South Africa,biomass_i,year,year,GWa,1.6949153,2030,2030
283,biomass,final,M1,South Africa,South Africa,biomass_i,year,year,GWa,1.6129032,2040,2040
284,biomass,final,M1,South Africa,South Africa,biomass_i,year,year,GWa,1.5384616,2050,2050
285,electr,final,M1,South Africa,South Africa,elec_i,year,year,GWa,1.1764706,1990,1990
286,electr,final,M1,South Africa,South Africa,elec_i,year,year,GWa,1.1764706,1995,1995
287,electr,final,M1,South Africa,South Africa,elec_i,year,year,GWa,1.1764706,2000,2000
288,electr,final,M1,South Africa,South Africa,elec_i,year,year,GWa,1.1627907,2005,2005
289,electr,final,M1,South Africa,South Africa,elec_i,year,year,GWa,1.1494253,2010,2010
290,electr,final,M1,South Africa,South Africa,elec_i,year,year,GWa,1.1235955,2020,2020
291,electr,final,M1,South Africa,South Africa,elec_i,year,year,GWa,1.1111112,2030,2030
292,electr,final,M1,South Africa,South Africa,elec_i,year,year,GWa,1.0989012,2040,2040
293,electr,final,M1,South Africa,South Africa,elec_i,year,year,GWa,1.0869565,2050,2050
294,lightoil,final,M1,South Africa,South Africa,loil_fs,year,year,GWa,1.0,1990,1990
295,lightoil,final,M1,South Africa,South Africa,loil_fs,year,year,GWa,1.0,1995,1995
296,lightoil,final,M1,South Africa,South Africa,loil_fs,year,year,GWa,1.0,2000,2000
297,lightoil,final,M1,South Africa,South Africa,loil_fs,year,year,GWa,1.0,2005,2005
298,lightoil,final,M1,South Africa,South Africa,loil_fs,year,year,GWa,1.0,2010,2010
299,lightoil,final,M1,South Africa,South Africa,loil_fs,year,year,GWa,1.0,2020,2020
300,lightoil,final,M1,South Africa,South Africa,loil_fs,year,year,GWa,1.0,2030,2030
301,lightoil,final,M1,South Africa,South Africa,loil_fs,year,year,GWa,1.0,2040,2040
302,lightoil,final,M1,South Africa,South Africa,loil_fs,year,year,GWa,1.0,2050,2050
303,coal,final,M1,South Africa,South Africa,coal_fs,year,year,GWa,1.0,1990,1990
304,coal,final,M1,South Africa,South Africa,coal_fs,year,year,GWa,1.0,1995,1995
305,coal,final,M1,South Africa,South Africa,coal_fs,year,year,GWa,1.0,2000,2000
306,coal,final,M1,South Africa,South Africa,coal_fs,year,year,GWa,1.0,2005,2005
307,coal,final,M1,South Africa,South Africa,coal_fs,year,year,GWa,1.0,2010,2010
308,coal,final,M1,South Africa,South Africa,coal_fs,year,year,GWa,1.0,2020,2020
309,coal,final,M1,South Africa,South Africa,coal_fs,year,year,GWa,1.0,2030,2030
310,coal,final,M1,South Africa,South Africa,coal_fs,year,year,GWa,1.0,2040,2040
311,coal,final,M1,South Africa,South Africa,coal_fs,year,year,GWa,1.0,2050,2050
312,gas,final,M1,South Africa,South Africa,gas_fs,year,year,GWa,1.0,1995,1995
313,gas,final,M1,South Africa,South Africa,gas_fs,year,year,GWa,1.0,2000,2000
314,gas,final,M1,South Africa,South Africa,gas_fs,year,year,GWa,1.0,2005,2005
315,gas,final,M1,South Africa,South Africa,gas_fs,year,year,GWa,1.0,2010,2010
316,gas,final,M1,South Africa,South Africa,gas_fs,year,year,GWa,1.0,2020,2020
317,gas,final,M1,South Africa,South Africa,gas_fs,year,year,GWa,1.0,2030,2030
318,gas,final,M1,South Africa,South Africa,gas_fs,year,year,GWa,1.0,2040,2040
319,gas,final,M1,South Africa,South Africa,gas_fs,year,year,GWa,1.0,2050,2050
320,electr,final,M1,South Africa,South Africa,sp_el_RC,year,year,GWa,3.3333333,1990,1990
321,electr,final,M1,South Africa,South Africa,sp_el_RC,year,year,GWa,3.3333333,1995,1995
322,electr,final,M1,South Africa,South Africa,sp_el_RC,year,year,GWa,3.3333333,2000,2000
323,electr,final,M1,South Africa,South Africa,sp_el_RC,year,year,GWa,3.030303,2005,2005
324,electr,final,M1,South Africa,South Africa,sp_el_RC,year,year,GWa,2.7777777,2010,2010
325,electr,final,M1,South Africa,South Africa,sp_el_RC,year,year,GWa,2.3809524,2020,2020
326,electr,final,M1,South Africa,South Africa,sp_el_RC,year,year,GWa,2.0833333,2030,2030
327,electr,final,M1,South Africa,South Africa,sp_el_RC,year,year,GWa,1.8518518,2040,2040
328,electr,final,M1,South Africa,South Africa,sp_el_RC,year,year,GWa,1.6666666,2050,2050
329,coal,final,M1,South Africa,South Africa,coal_rc,year,year,GWa,3.3333333,1990,1990
330,coal,final,M1,South Africa,South Africa,coal_rc,year,year,GWa,3.3333333,1995,1995
331,coal,final,M1,South Africa,South Africa,coal_rc,year,year,GWa,3.3333333,2000,2000
332,coal,final,M1,South Africa,South Africa,coal_rc,year,year,GWa,3.030303,2005,2005
333,coal,final,M1,South Africa,South Africa,coal_rc,year,year,GWa,2.7777777,2010,2010
334,coal,final,M1,South Africa,South Africa,coal_rc,year,year,GWa,2.3809524,2020,2020
335,coal,final,M1,South Africa,South Africa,coal_rc,year,year,GWa,2.0833333,2030,2030
336,coal,final,M1,South Africa,South Africa,coal_rc,year,year,GWa,1.8518518,2040,2040
337,coal,final,M1,South Africa,South Africa,coal_rc,year,year,GWa,1.6666666,2050,2050
338,fueloil,final,M1,South Africa,South Africa,foil_rc,year,year,GWa,2.5,1990,1990
339,fueloil,final,M1,South Africa,South Africa,foil_rc,year,year,GWa,2.5,1995,1995
340,fueloil,final,M1,South Africa,South Africa,foil_rc,year,year,GWa,2.5,2000,2000
341,fueloil,final,M1,South Africa,South Africa,foil_rc,year,year,GWa,2.3529413,2005,2005
342,fueloil,final,M1,South Africa,South Africa,foil_rc,year,year,GWa,2.2222223,2010,2010
343,fueloil,final,M1,South Africa,South Africa,foil_rc,year,year,GWa,2.0,2020,2020
344,fueloil,final,M1,South Africa,South Africa,foil_rc,year,year,GWa,1.8181819,2030,2030
345,fueloil,final,M1,South Africa,South Africa,foil_rc,year,year,GWa,1.6666666,2040,2040
346,fueloil,final,M1,South Africa,South Africa,foil_rc,year,year,GWa,1.5384616,2050,2050
347,lightoil,final,M1,South Africa,South Africa,loil_rc,year,year,GWa,2.2222223,1990,1990
348,lightoil,final,M1,South Africa,South Africa,loil_rc,year,year,GWa,2.2222223,1995,1995
349,lightoil,final,M1,South Africa,South Africa,loil_rc,year,year,GWa,2.2222223,2000,2000
350,lightoil,final,M1,South Africa,South Africa,loil_rc,year,year,GWa,2.1052632,2005,2005
351,lightoil,final,M1,South Africa,South Africa,loil_rc,year,year,GWa,2.0,2010,2010
352,lightoil,final,M1,South Africa,South Africa,loil_rc,year,year,GWa,1.8181819,2020,2020
353,lightoil,final,M1,South Africa,South Africa,loil_rc,year,year,GWa,1.6666666,2030,2030
354,lightoil,final,M1,South Africa,South Africa,loil_rc,year,year,GWa,1.5384616,2040,2040
355,lightoil,final,M1,South Africa,South Africa,loil_rc,year,year,GWa,1.4285715,2050,2050
356,gas,final,M1,South Africa,South Africa,gas_rc,year,year,GWa,1.8181819,1990,1990
357,gas,final,M1,South Africa,South Africa,gas_rc,year,year,GWa,1.8181819,1995,1995
358,gas,final,M1,South Africa,South Africa,gas_rc,year,year,GWa,1.8181819,2000,2000
359,gas,final,M1,South Africa,South Africa,gas_rc,year,year,GWa,1.6806723,2005,2005
360,gas,final,M1,South Africa,South Africa,gas_rc,year,year,GWa,1.5625,2010,2010
361,gas,final,M1,South Africa,South Africa,gas_rc,year,year,GWa,1.4705882,2020,2020
362,gas,final,M1,South Africa,South Africa,gas_rc,year,year,GWa,1.3888888,2030,2030
363,gas,final,M1,South Africa,South Africa,gas_rc,year,year,GWa,1.3157895,2040,2040
364,gas,final,M1,South Africa,South Africa,gas_rc,year,year,GWa,1.25,2050,2050
365,biomass,final,M1,South Africa,South Africa,biomass_rc,year,year,GWa,3.3333333,1995,1995
366,biomass,final,M1,South Africa,South Africa,biomass_rc,year,year,GWa,3.3333333,2000,2000
367,biomass,final,M1,South Africa,South Africa,biomass_rc,year,year,GWa,3.0769231,2005,2005
368,biomass,final,M1,South Africa,South Africa,biomass_rc,year,year,GWa,2.857143,2010,2010
369,biomass,final,M1,South Africa,South Africa,biomass_rc,year,year,GWa,2.5,2020,2020
370,biomass,final,M1,South Africa,South Africa,biomass_rc,year,year,GWa,2.2222223,2030,2030
371,biomass,final,M1,South Africa,South Africa,biomass_rc,year,year,GWa,2.0,2040,2040
372,biomass,final,M1,South Africa,South Africa,biomass_rc,year,year,GWa,1.8181819,2050,2050
373,biomass,primary,M1,South Africa,South Africa,biomass_nc,year,year,GWa,8.333333,1990,1990
374,biomass,primary,M1,South Africa,South Africa,biomass_nc,year,year,GWa,8.333333,1995,1995
375,biomass,primary,M1,South Africa,South Africa,biomass_nc,year,year,GWa,8.333333,2000,2000
376,biomass,primary,M1,South Africa,South Africa,biomass_nc,year,year,GWa,8.333333,2005,2005
377,biomass,primary,M1,South Africa,South Africa,biomass_nc,year,year,GWa,8.333333,2010,2010
378,biomass,primary,M1,South Africa,South Africa,biomass_nc,year,year,GWa,8.333333,2020,2020
379,biomass,primary,M1,South Africa,South Africa,biomass_nc,year,year,GWa,8.333333,2030,2030
380,biomass,primary,M1,South Africa,South Africa,biomass_nc,year,year,GWa,8.333333,2040,2040
381,biomass,primary,M1,South Africa,South Africa,biomass_nc,year,year,GWa,8.333333,2050,2050
382,fueloil,final,M1,South Africa,South Africa,foil_trp,year,year,GWa,1.0,1990,1990
383,fueloil,final,M1,South Africa,South Africa,foil_trp,year,year,GWa,1.0,1995,1995
384,fueloil,final,M1,South Africa,South Africa,foil_trp,year,year,GWa,1.0,2000,2000
385,fueloil,final,M1,South Africa,South Africa,foil_trp,year,year,GWa,1.0,2005,2005
386,fueloil,final,M1,South Africa,South Africa,foil_trp,year,year,GWa,1.0,2010,2010
387,fueloil,final,M1,South Africa,South Africa,foil_trp,year,year,GWa,1.0,2020,2020
388,fueloil,final,M1,South Africa,South Africa,foil_trp,year,year,GWa,1.0,2030,2030
389,fueloil,final,M1,South Africa,South Africa,foil_trp,year,year,GWa,1.0,2040,2040
390,fueloil,final,M1,South Africa,South Africa,foil_trp,year,year,GWa,1.0,2050,2050
391,lightoil,final,M1,South Africa,South Africa,loil_trp,year,year,GWa,1.0,1990,1990
392,lightoil,final,M1,South Africa,South Africa,loil_trp,year,year,GWa,1.0,1995,1995
393,lightoil,final,M1,South Africa,South Africa,loil_trp,year,year,GWa,1.0,2000,2000
394,lightoil,final,M1,South Africa,South Africa,loil_trp,year,year,GWa,1.0,2005,2005
395,lightoil,final,M1,South Africa,South Africa,loil_trp,year,year,GWa,1.0,2010,2010
396,lightoil,final,M1,South Africa,South Africa,loil_trp,year,year,GWa,1.0,2020,2020
397,lightoil,final,M1,South Africa,South Africa,loil_trp,year,year,GWa,1.0,2030,2030
398,lightoil,final,M1,South Africa,South Africa,loil_trp,year,year,GWa,1.0,2040,2040
399,lightoil,final,M1,South Africa,South Africa,loil_trp,year,year,GWa,1.0,2050,2050
400,gas,final,M1,South Africa,South Africa,gas_trp,year,year,GWa,1.0,1995,1995
401,gas,final,M1,South Africa,South Africa,gas_trp,year,year,GWa,1.0,2000,2000
402,gas,final,M1,South Africa,South Africa,gas_trp,year,year,GWa,1.0,2005,2005
403,gas,final,M1,South Africa,South Africa,gas_trp,year,year,GWa,1.0,2010,2010
404,gas,final,M1,South Africa,South Africa,gas_trp,year,year,GWa,1.0,2020,2020
405,gas,final,M1,South Africa,South Africa,gas_trp,year,year,GWa,1.0,2030,2030
406,gas,final,M1,South Africa,South Africa,gas_trp,year,year,GWa,1.0,2040,2040
407,gas,final,M1,South Africa,South Africa,gas_trp,year,year,GWa,1.0,2050,2050
408,electr,final,M1,South Africa,South Africa,elec_trp,year,year,GWa,0.33333334,1990,1990
409,electr,final,M1,South Africa,South Africa,elec_trp,year,year,GWa,0.33333334,1995,1995
410,electr,final,M1,South Africa,South Africa,elec_trp,year,year,GWa,0.33333334,2000,2000
411,electr,final,M1,South Africa,South Africa,elec_trp,year,year,GWa,0.33333334,2005,2005
412,electr,final,M1,South Africa,South Africa,elec_trp,year,year,GWa,0.33333334,2010,2010
413,electr,final,M1,South Africa,South Africa,elec_trp,year,year,GWa,0.33333334,2020,2020
414,electr,final,M1,South Africa,South Africa,elec_trp,year,year,GWa,0.33333334,2030,2030
415,electr,final,M1,South Africa,South Africa,elec_trp,year,year,GWa,0.33333334,2040,2040
416,electr,final,M1,South Africa,South Africa,elec_trp,year,year,GWa,0.33333334,2050,2050
417,gas,secondary,M1,South Africa,South Africa,gas_cc_ccs,year,year,GWa,2.0833333,2040,2030
418,coal,secondary,M1,South Africa,South Africa,coal_gas,year,year,GWa,1.3157895,2030,2020
419,fueloil,final,M1,South Africa,South Africa,foil_i,year,year,GWa,1.8181819,2000,1990
420,gas,secondary,M1,South Africa,South Africa,gas_cc,year,year,GWa,1.7857143,2010,2000
421,electr,secondary,M1,South Africa,South Africa,elec_t_d,year,year,GWa,1.1494253,2030,1995
422,coal,final,M1,South Africa,South Africa,coal_i,year,year,GWa,2.1276596,2005,1995
423,gas,secondary,M1,South Africa,South Africa,meth_ng_ccs,year,year,GWa,1.6666666,2040,2030
424,electr,final,M1,South Africa,South Africa,elec_i,year,year,GWa,1.1764706,1995,1990
425,coal,secondary,M1,South Africa,South Africa,coal_adv_ccs,year,year,GWa,2.857143,2030,2020
426,biomass,primary,M1,South Africa,South Africa,bio_istig,year,year,GWa,2.7027028,2050,2040
427,electr,secondary,M1,South Africa,South Africa,elec_t_d,year,year,GWa,1.1627907,2020,1995
428,coal,final,M1,South Africa,South Africa,coal_i,year,year,GWa,2.0408163,2010,1995
429,biomass,final,M1,South Africa,South Africa,biomass_i,year,year,GWa,1.8867924,2010,2005
430,electr,secondary,M1,South Africa,South Africa,meth_ng,year,year,GWa,0.0,2030,2020
431,coal,secondary,M1,South Africa,South Africa,coal_ppl,year,year,GWa,2.5,2050,2040
432,gas,secondary,M1,South Africa,South Africa,gas_t_d,year,year,GWa,1.6666666,2020,1995
433,gas,secondary,M1,South Africa,South Africa,gas_t_d,year,year,GWa,2.173913,2010,1995
434,gas,secondary,M1,South Africa,South Africa,gas_t_d,year,year,GWa,2.3364487,2005,1995
435,electr,secondary,M1,South Africa,South Africa,meth_ng,year,year,GWa,0.0,2040,2020
436,coal,secondary,M1,South Africa,South Africa,coal_ppl,year,year,GWa,2.7027028,2005,2000
437,gas,final,M1,South Africa,South Africa,gas_i,year,year,GWa,1.3513514,2030,2010
438,fueloil,final,M1,South Africa,South Africa,foil_i,year,year,GWa,1.8181819,1995,1990
439,coal,final,M1,South Africa,South Africa,coal_i,year,year,GWa,2.2222223,2000,1995
440,fueloil,final,M1,South Africa,South Africa,foil_i,year,year,GWa,1.4084507,2040,2020
441,electr,final,M1,South Africa,South Africa,elec_i,year,year,GWa,1.1627907,2005,1990
442,coal,secondary,M1,South Africa,South Africa,coal_adv_ccs,year,year,GWa,2.857143,2040,2020
443,coal,secondary,M1,South Africa,South Africa,meth_coal_ccs,year,year,GWa,1.9230769,2040,2020
444,coal,secondary,M1,South Africa,South Africa,coal_adv,year,year,GWa,2.1276596,2050,2030
445,gas,secondary,M1,South Africa,South Africa,meth_ng_ccs,year,year,GWa,1.6666666,2050,2030
446,lightoil,secondary,M1,South Africa,South Africa,loil_ppl,year,year,GWa,2.5,2030,2010
447,fueloil,final,M1,South Africa,South Africa,foil_i,year,year,GWa,1.754386,2005,1990
448,gas,secondary,M1,South Africa,South Africa,gas_cc,year,year,GWa,1.7857143,2030,2000
449,electr,secondary,M1,South Africa,South Africa,meth_coal,year,year,GWa,0.0,2040,2020
450,crudeoil,secondary,M1,South Africa,South Africa,ref_hil,year,year,GWa,1.0638298,2020,2005
451,gas,secondary,M1,South Africa,South Africa,gas_ct,year,year,GWa,2.5,2020,1995
452,fueloil,secondary,M1,South Africa,South Africa,foil_ppl,year,year,GWa,2.5,2050,2030
453,coal,secondary,M1,South Africa,South Africa,igcc,year,year,GWa,2.3809524,2040,2020
454,coal,final,M1,South Africa,South Africa,coal_i,year,year,GWa,1.5625,2040,2030
455,gas,secondary,M1,South Africa,South Africa,gas_ppl,year,year,GWa,2.5,2030,2010
456,gas,final,M1,South Africa,South Africa,gas_i,year,year,GWa,1.4084507,2020,2010
457,electr,secondary,M1,South Africa,South Africa,elec_t_d,year,year,GWa,1.1235955,2050,1995
458,biomass,final,M1,South Africa,South Africa,biomass_i,year,year,GWa,1.7857143,2020,2005
459,coal,final,M1,South Africa,South Africa,coal_i,year,year,GWa,1.8518518,2020,1995
460,electr,secondary,M1,South Africa,South Africa,elec_t_d,year,year,GWa,1.2048193,2010,1995
461,fueloil,secondary,M1,South Africa,South Africa,foil_ppl,year,year,GWa,2.5,2010,1995
462,gas,secondary,M1,South Africa,South Africa,gas_cc,year,year,GWa,1.8181819,2005,2000
463,coal,final,M1,South Africa,South Africa,coal_i,year,year,GWa,1.4705882,2050,2030
464,gas,secondary,M1,South Africa,South Africa,gas_ppl,year,year,GWa,2.5,2040,2010
465,gas,secondary,M1,South Africa,South Africa,gas_ct,year,year,GWa,2.5,2040,2020
466,fueloil,secondary,M1,South Africa,South Africa,foil_ppl,year,year,GWa,2.5,2030,2000
467,gas,secondary,M1,South Africa,South Africa,gas_cc_ccs,year,year,GWa,2.0833333,2050,2030
468,gas,secondary,M1,South Africa,South Africa,gas_ct,year,year,GWa,2.5641026,1995,1990
469,coal,secondary,M1,South Africa,South Africa,coal_adv,year,year,GWa,2.1276596,2040,2030
470,electr,final,M1,South Africa,South Africa,elec_i,year,year,GWa,1.1764706,2000,1990
471,crudeoil,secondary,M1,South Africa,South Africa,ref_hil,year,year,GWa,1.0526316,2030,2005
472,electr,secondary,M1,South Africa,South Africa,elec_t_d,year,year,GWa,1.1494253,2030,2020
473,biomass,primary,M1,South Africa,South Africa,biomass_nc,year,year,GWa,8.333333,2010,2005
474,coal,secondary,M1,South Africa,South Africa,coal_gas,year,year,GWa,1.3157895,2040,2020
475,lightoil,final,M1,South Africa,South Africa,loil_i,year,year,GWa,1.754386,2005,2000
476,biomass,primary,M1,South Africa,South Africa,gas_bio,year,year,GWa,1.2987013,2050,2040
477,gas,secondary,M1,South Africa,South Africa,meth_ng,year,year,GWa,1.6666666,2050,2040
478,lightoil,secondary,M1,South Africa,South Africa,loil_ppl,year,year,GWa,2.5,2040,2010
479,electr,secondary,M1,South Africa,South Africa,meth_coal,year,year,GWa,0.0,2030,2020
480,fueloil,secondary,M1,South Africa,South Africa,foil_ppl,year,year,GWa,2.5,2040,2030
481,coal,secondary,M1,South Africa,South Africa,coal_ppl,year,year,GWa,2.631579,2010,2000
482,gas,secondary,M1,South Africa,South Africa,gas_ct,year,year,GWa,2.5641026,2000,1995
483,coal,secondary,M1,South Africa,South Africa,coal_ppl,year,year,GWa,2.5595086,2030,2005
484,electr,secondary,M1,South Africa,South Africa,elec_t_d,year,year,GWa,1.1235955,2050,2020
485,electr,secondary,M1,South Africa,South Africa,gas_bio,year,year,GWa,0.13129973,2030,2020
486,coal,secondary,M1,South Africa,South Africa,meth_coal,year,year,GWa,1.9230769,2040,2030
487,coal,secondary,M1,South Africa,South Africa,syn_liq,year,year,GWa,2.2727273,2050,2040
488,electr,secondary,M1,South Africa,South Africa,elec_t_d,year,year,GWa,1.2820513,2000,1990
489,lightoil,secondary,M1,South Africa,South Africa,loil_ppl,year,year,GWa,2.5,2010,2005
490,electr,secondary,M1,South Africa,South Africa,elec_t_d,year,year,GWa,1.183432,1995,1990
491,electr,secondary,M1,South Africa,South Africa,meth_ng_ccs,year,year,GWa,0.0016666667,2040,2020
492,coal,secondary,M1,South Africa,South Africa,syn_liq,year,year,GWa,2.2727273,2050,2030
493,lightoil,final,M1,South Africa,South Africa,loil_i,year,year,GWa,1.6949153,2010,2005
494,gas,final,M1,South Africa,South Africa,gas_i,year,year,GWa,1.4705882,2010,2005
495,gas,secondary,M1,South Africa,South Africa,gas_ct,year,year,GWa,2.5,2040,2030
496,gas,secondary,M1,South Africa,South Africa,gas_ct,year,year,GWa,2.5,2050,2030
497,coal,secondary,M1,South Africa,South Africa,meth_coal,year,year,GWa,1.9230769,2040,2020
498,fueloil,secondary,M1,South Africa,South Africa,foil_ppl,year,year,GWa,2.5,2020,1995
499,electr,secondary,M1,South Africa,South Africa,elec_t_d,year,year,GWa,1.2820513,2000,1995
500,coal,secondary,M1,South Africa,South Africa,igcc,year,year,GWa,2.3809524,2030,2020
501,coal,secondary,M1,South Africa,South Africa,meth_coal,year,year,GWa,1.9230769,2050,2030
502,electr,secondary,M1,South Africa,South Africa,elec_t_d,year,year,GWa,1.1235955,2050,2030
503,lightoil,secondary,M1,South Africa,South Africa,loil_ppl,year,year,GWa,2.5,2020,2005
504,electr,secondary,M1,South Africa,South Africa,elec_t_d,year,year,GWa,1.1363636,2040,2020
505,crudeoil,secondary,M1,South Africa,South Africa,ref_hil,year,year,GWa,1.0526316,2050,2040
506,gas,secondary,M1,South Africa,South Africa,gas_t_d,year,year,GWa,1.3831259,2030,2000
507,gas,secondary,M1,South Africa,South Africa,gas_cc,year,year,GWa,1.7857143,2040,2030
508,electr,secondary,M1,South Africa,South Africa,gas_bio,year,year,GWa,0.12857144,2040,2030
509,coal,final,M1,South Africa,South Africa,coal_i,year,year,GWa,2.2222223,1995,1990
510,coal,secondary,M1,South Africa,South Africa,coal_ppl,year,year,GWa,2.6041667,2020,2000
511,coal,secondary,M1,South Africa,South Africa,coal_adv_ccs,year,year,GWa,2.857143,2050,2030
512,coal,secondary,M1,South Africa,South Africa,igcc,year,year,GWa,2.3809524,2020,2010
513,gas,secondary,M1,South Africa,South Africa,gas_ct,year,year,GWa,2.5,2030,2020
514,coal,final,M1,South Africa,South Africa,coal_i,year,year,GWa,1.8518518,2020,2000
515,gas,secondary,M1,South Africa,South Africa,gas_cc,year,year,GWa,1.7857143,2050,2040
516,gas,secondary,M1,South Africa,South Africa,gas_ppl,year,year,GWa,2.857143,2010,1990
517,biomass,final,M1,South Africa,South Africa,biomass_i,year,year,GWa,1.5384616,2050,2040
518,electr,secondary,M1,South Africa,South Africa,elec_t_d,year,year,GWa,1.2195122,2005,1995
519,coal,secondary,M1,South Africa,South Africa,syn_liq_ccs,year,year,GWa,2.2727273,2040,2020
520,coal,secondary,M1,South Africa,South Africa,meth_coal_ccs,year,year,GWa,1.9230769,2030,2020
521,lightoil,final,M1,South Africa,South Africa,loil_i,year,year,GWa,1.3333334,2050,2040
522,crudeoil,secondary,M1,South Africa,South Africa,ref_hil,year,year,GWa,1.081081,2005,2000
523,gas,final,M1,South Africa,South Africa,gas_i,year,year,GWa,1.4084507,2020,2005
524,electr,secondary,M1,South Africa,South Africa,meth_ng_ccs,year,year,GWa,0.0016666667,2030,2020
525,gas,final,M1,South Africa,South Africa,gas_i,year,year,GWa,1.3513514,2030,2005
526,gas,final,M1,South Africa,South Africa,gas_i,year,year,GWa,1.5384616,2000,1990
527,gas,secondary,M1,South Africa,South Africa,gas_ppl,year,year,GWa,2.7777777,2005,1990
528,gas,secondary,M1,South Africa,South Africa,gas_cc_ccs,year,year,GWa,2.0833333,2050,2040
529,coal,secondary,M1,South Africa,South Africa,syn_liq_ccs,year,year,GWa,2.2727273,2040,2030
530,gas,secondary,M1,South Africa,South Africa,gas_t_d,year,year,GWa,1.3831259,2030,1995
531,coal,secondary,M1,South Africa,South Africa,coal_adv,year,year,GWa,2.1276596,2040,2020
532,coal,secondary,M1,South Africa,South Africa,meth_coal,year,year,GWa,1.9230769,2030,2020
533,coal,secondary,M1,South Africa,South Africa,syn_liq_ccs,year,year,GWa,2.2727273,2050,2030
534,gas,secondary,M1,South Africa,South Africa,gas_t_d,year,year,GWa,1.2820513,2040,2000
535,coal,secondary,M1,South Africa,South Africa,syn_liq,year,year,GWa,2.2727273,2040,2030
536,electr,final,M1,South Africa,South Africa,elec_i,year,year,GWa,1.1111112,2030,2020
537,fueloil,final,M1,South Africa,South Africa,foil_i,year,year,GWa,1.5873016,2020,1995
538,electr,secondary,M1,South Africa,South Africa,gas_bio,year,year,GWa,0.12857144,2040,2020
539,electr,secondary,M1,South Africa,South Africa,meth_ng,year,year,GWa,0.0,2040,2030
540,coal,secondary,M1,South Africa,South Africa,syn_liq_ccs,year,year,GWa,2.2727273,2030,2020
541,electr,secondary,M1,South Africa,South Africa,gas_bio,year,year,GWa,0.12857144,2050,2030
542,gas,secondary,M1,South Africa,South Africa,gas_t_d,year,year,GWa,2.173913,2010,1990
543,coal,final,M1,South Africa,South Africa,coal_i,year,year,GWa,2.2222223,2000,1990
544,fueloil,final,M1,South Africa,South Africa,foil_i,year,year,GWa,1.6949153,2010,1990
545,lightoil,secondary,M1,South Africa,South Africa,loil_ppl,year,year,GWa,2.5,2020,2010
546,electr,final,M1,South Africa,South Africa,elec_i,year,year,GWa,1.1235955,2020,2010
547,crudeoil,secondary,M1,South Africa,South Africa,ref_hil,year,year,GWa,1.0752689,2010,2005
548,coal,secondary,M1,South Africa,South Africa,coal_ppl,year,year,GWa,2.5595086,2030,2000
549,gas,secondary,M1,South Africa,South Africa,gas_cc,year,year,GWa,1.7857143,2020,1995
550,coal,final,M1,South Africa,South Africa,coal_i,year,year,GWa,2.0408163,2010,1990
551,gas,secondary,M1,South Africa,South Africa,gas_ct,year,year,GWa,2.5,2030,2000
552,gas,secondary,M1,South Africa,South Africa,gas_t_d,year,year,GWa,2.3364487,2005,2000
553,lightoil,final,M1,South Africa,South Africa,loil_i,year,year,GWa,1.4084507,2040,2030
554,lightoil,secondary,M1,South Africa,South Africa,loil_ppl,year,year,GWa,2.5,2040,2020
555,fueloil,final,M1,South Africa,South Africa,foil_i,year,year,GWa,1.3333334,2050,2030
556,coal,secondary,M1,South Africa,South Africa,coal_ppl,year,year,GWa,2.7027028,2005,1995
557,crudeoil,secondary,M1,South Africa,South Africa,ref_hil,year,year,GWa,1.0526316,2030,2000
558,crudeoil,secondary,M1,South Africa,South Africa,ref_hil,year,year,GWa,1.0638298,2020,2010
559,electr,secondary,M1,South Africa,South Africa,elec_t_d,year,year,GWa,1.1494253,2030,1990
560,coal,final,M1,South Africa,South Africa,coal_i,year,year,GWa,2.1276596,2005,2000
561,biomass,primary,M1,South Africa,South Africa,gas_bio,year,year,GWa,1.2987013,2050,2030
562,gas,secondary,M1,South Africa,South Africa,gas_ppl,year,year,GWa,3.030303,1995,1990
563,coal,secondary,M1,South Africa,South Africa,igcc_ccs,year,year,GWa,2.9411764,2030,2020
564,gas,secondary,M1,South Africa,South Africa,gas_t_d,year,year,GWa,1.1947432,2050,2040
565,electr,final,M1,South Africa,South Africa,elec_i,year,year,GWa,1.1764706,2000,1995
566,electr,secondary,M1,South Africa,South Africa,elec_t_d,year,year,GWa,1.1235955,2050,1990
567,gas,secondary,M1,South Africa,South Africa,gas_cc,year,year,GWa,1.7857143,2020,2005
568,coal,resource,M1,South Africa,South Africa,coal_extr,year,year,GWa,1.0,2010,2005
569,crudeoil,secondary,M1,South Africa,South Africa,ref_hil,year,year,GWa,1.0526316,2030,2010
570,gas,secondary,M1,South Africa,South Africa,gas_t_d,year,year,GWa,2.3364487,2005,1990
571,coal,secondary,M1,South Africa,South Africa,coal_ppl,year,year,GWa,2.5,2050,2030
572,electr,secondary,M1,South Africa,South Africa,meth_ng,year,year,GWa,0.0,2050,2030
573,coal,final,M1,South Africa,South Africa,coal_i,year,year,GWa,1.4705882,2050,2040
574,gas,final,M1,South Africa,South Africa,gas_i,year,year,GWa,1.2987013,2040,2020
575,electr,secondary,M1,South Africa,South Africa,elec_t_d,year,year,GWa,1.2195122,2005,2000
576,coal,secondary,M1,South Africa,South Africa,syn_liq_ccs,year,year,GWa,2.2727273,2050,2040
577,biomass,primary,M1,South Africa,South Africa,bio_istig,year,year,GWa,2.7027028,2050,2030
578,coal,secondary,M1,South Africa,South Africa,meth_coal_ccs,year,year,GWa,1.9230769,2050,2030
579,biomass,final,M1,South Africa,South Africa,biomass_i,year,year,GWa,1.7857143,2020,2010
580,electr,secondary,M1,South Africa,South Africa,elec_t_d,year,year,GWa,1.2048193,2010,1990
581,gas,final,M1,South Africa,South Africa,gas_i,year,year,GWa,1.5037594,2005,1990
582,coal,secondary,M1,South Africa,South Africa,coal_gas,year,year,GWa,1.3157895,2050,2030
583,electr,secondary,M1,South Africa,South Africa,meth_coal,year,year,GWa,0.0,2050,2030
584,crudeoil,secondary,M1,South Africa,South Africa,ref_hil,year,year,GWa,1.0752689,2010,2000
585,gas,secondary,M1,South Africa,South Africa,gas_t_d,year,year,GWa,1.1947432,2050,2020
586,electr,secondary,M1,South Africa,South Africa,elec_t_d,year,year,GWa,1.1235955,2050,2040
587,gas,secondary,M1,South Africa,South Africa,gas_ct,year,year,GWa,2.5,2010,2000
588,gas,secondary,M1,South Africa,South Africa,gas_ppl,year,year,GWa,2.5,2030,2005
589,fueloil,secondary,M1,South Africa,South Africa,foil_ppl,year,year,GWa,2.5,2050,2040
590,electr,secondary,M1,South Africa,South Africa,meth_coal_ccs,year,year,GWa,0.0,2050,2030
591,electr,secondary,M1,South Africa,South Africa,elec_t_d,year,year,GWa,1.1627907,2020,2010
592,gas,secondary,M1,South Africa,South Africa,meth_ng_ccs,year,year,GWa,1.6666666,2030,2020
593,biomass,final,M1,South Africa,South Africa,biomass_i,year,year,GWa,1.9417475,2005,2000
594,lightoil,final,M1,South Africa,South Africa,loil_i,year,year,GWa,1.8181819,2000,1995
595,lightoil,secondary,M1,South Africa,South Africa,loil_ppl,year,year,GWa,3.5714285,2000,1990
596,fueloil,secondary,M1,South Africa,South Africa,foil_ppl,year,year,GWa,3.3333333,2005,1990
597,gas,secondary,M1,South Africa,South Africa,meth_ng_ccs,year,year,GWa,1.6666666,2050,2040
598,fueloil,final,M1,South Africa,South Africa,foil_i,year,year,GWa,1.754386,2005,1995
599,coal,secondary,M1,South Africa,South Africa,coal_gas,year,year,GWa,1.3157895,2030,2010
600,coal,final,M1,South Africa,South Africa,coal_i,year,year,GWa,1.8518518,2020,2010
601,coal,secondary,M1,South Africa,South Africa,coal_ppl,year,year,GWa,2.6041667,2020,2005
602,fueloil,secondary,M1,South Africa,South Africa,foil_ppl,year,year,GWa,2.5,2030,2020
603,gas,secondary,M1,South Africa,South Africa,gas_t_d,year,year,GWa,1.3831259,2030,1990
604,gas,secondary,M1,South Africa,South Africa,gas_t_d,year,year,GWa,1.6666666,2020,2000
605,gas,secondary,M1,South Africa,South Africa,gas_cc,year,year,GWa,1.7857143,2050,2030
606,gas,secondary,M1,South Africa,South Africa,gas_ct,year,year,GWa,2.5,2030,2010
607,electr,secondary,M1,South Africa,South Africa,elec_t_d,year,year,GWa,1.1494253,2030,2000
608,gas,secondary,M1,South Africa,South Africa,gas_cc_ccs,year,year,GWa,2.0833333,2040,2020
609,electr,secondary,M1,South Africa,South Africa,meth_coal_ccs,year,year,GWa,0.0,2040,2020
610,gas,secondary,M1,South Africa,South Africa,gas_ppl,year,year,GWa,2.857143,2010,2005
611,lightoil,final,M1,South Africa,South Africa,loil_i,year,year,GWa,1.5873016,2020,2000
612,fueloil,secondary,M1,South Africa,South Africa,foil_ppl,year,year,GWa,2.5,2020,2000
613,gas,secondary,M1,South Africa,South Africa,gas_cc,year,year,GWa,1.7857143,2040,2020
614,electr,final,M1,South Africa,South Africa,elec_i,year,year,GWa,1.1235955,2020,2000
615,lightoil,secondary,M1,South Africa,South Africa,loil_ppl,year,year,GWa,2.5,2020,1995
616,coal,resource,M1,South Africa,South Africa,coal_extr,year,year,GWa,1.0,2000,1995
617,electr,secondary,M1,South Africa,South Africa,elec_t_d,year,year,GWa,1.1363636,2040,2030
618,gas,secondary,M1,South Africa,South Africa,gas_ct,year,year,GWa,2.5641026,2000,1990
619,gas,secondary,M1,South Africa,South Africa,gas_t_d,year,year,GWa,1.3831259,2030,2020
620,fueloil,final,M1,South Africa,South Africa,foil_i,year,year,GWa,1.5873016,2020,2005
621,gas,secondary,M1,South Africa,South Africa,meth_ng,year,year,GWa,1.6666666,2040,2030
622,coal,secondary,M1,South Africa,South Africa,coal_ppl,year,year,GWa,2.5595086,2030,2010
623,coal,final,M1,South Africa,South Africa,coal_i,year,year,GWa,1.6949153,2030,2020
624,gas,secondary,M1,South Africa,South Africa,gas_t_d,year,year,GWa,1.2820513,2040,2010
625,gas,secondary,M1,South Africa,South Africa,gas_t_d,year,year,GWa,1.5673981,1995,1990
626,fueloil,secondary,M1,South Africa,South Africa,foil_ppl,year,year,GWa,2.5,2020,2010
627,gas,secondary,M1,South Africa,South Africa,gas_ct,year,year,GWa,2.5,2010,1990
628,gas,secondary,M1,South Africa,South Africa,meth_ng,year,year,GWa,1.6666666,2030,2020
629,fueloil,final,M1,South Africa,South Africa,foil_i,year,year,GWa,1.4925373,2030,2010
630,coal,resource,M1,South Africa,South Africa,coal_extr,year,year,GWa,1.0,2005,2000
631,fueloil,secondary,M1,South Africa,South Africa,foil_ppl,year,year,GWa,2.5,2030,2005
632,electr,final,M1,South Africa,South Africa,elec_i,year,year,GWa,1.1494253,2010,1995
633,coal,secondary,M1,South Africa,South Africa,igcc,year,year,GWa,2.3809524,2040,2010
634,fueloil,secondary,M1,South Africa,South Africa,foil_ppl,year,year,GWa,2.5,2010,2005
635,gas,secondary,M1,South Africa,South Africa,gas_t_d,year,year,GWa,1.2820513,2040,2030
636,gas,secondary,M1,South Africa,South Africa,gas_ppl,year,year,GWa,2.7777777,2005,2000
637,gas,secondary,M1,South Africa,South Africa,gas_ct,year,year,GWa,2.2988505,2005,1995
638,biomass,final,M1,South Africa,South Africa,biomass_i,year,year,GWa,1.6949153,2030,2005
639,biomass,primary,M1,South Africa,South Africa,gas_bio,year,year,GWa,1.2987013,2040,2020
640,fueloil,secondary,M1,South Africa,South Africa,foil_ppl,year,year,GWa,3.3333333,2005,2000
641,gas,secondary,M1,South Africa,South Africa,gas_t_d,year,year,GWa,2.1929824,2000,1995
642,coal,resource,M1,South Africa,South Africa,coal_extr,year,year,GWa,1.0,1995,1990
643,lightoil,final,M1,South Africa,South Africa,loil_i,year,year,GWa,1.4925373,2030,2005
644,gas,secondary,M1,South Africa,South Africa,gas_ppl,year,year,GWa,2.5,2020,2010
645,gas,secondary,M1,South Africa,South Africa,gas_cc,year,year,GWa,1.8181819,2005,1995
646,crudeoil,secondary,M1,South Africa,South Africa,ref_hil,year,year,GWa,1.0638298,2020,1995
647,gas,secondary,M1,South Africa,South Africa,gas_t_d,year,year,GWa,1.6666666,2020,2010
648,gas,secondary,M1,South Africa,South Africa,gas_ppl,year,year,GWa,2.5,2050,2040
649,lightoil,final,M1,South Africa,South Africa,loil_i,year,year,GWa,1.754386,2005,1990
650,lightoil,secondary,M1,South Africa,South Africa,loil_ppl,year,year,GWa,2.5,2030,2000
651,fueloil,secondary,M1,South Africa,South Africa,foil_ppl,year,year,GWa,3.4482758,2000,1995
652,electr,secondary,M1,South Africa,South Africa,elec_t_d,year,year,GWa,1.1363636,2040,1995
653,biomass,final,M1,South Africa,South Africa,biomass_i,year,year,GWa,1.7857143,2020,2000
654,fueloil,secondary,M1,South Africa,South Africa,foil_ppl,year,year,GWa,2.5,1995,1990
655,lightoil,final,M1,South Africa,South Africa,loil_i,year,year,GWa,1.6949153,2010,1995
656,lightoil,secondary,M1,South Africa,South Africa,loil_ppl,year,year,GWa,2.5,2010,1990
657,gas,secondary,M1,South Africa,South Africa,gas_t_d,year,year,GWa,2.173913,2010,2005
658,biomass,primary,M1,South Africa,South Africa,gas_bio,year,year,GWa,1.32626,2030,2010
659,biomass,final,M1,South Africa,South Africa,biomass_i,year,year,GWa,1.8867924,2010,1995
660,gas,secondary,M1,South Africa,South Africa,gas_ppl,year,year,GWa,2.5,2030,2020
661,electr,secondary,M1,South Africa,South Africa,elec_t_d,year,year,GWa,1.1235955,2050,2000
662,biomass,final,M1,South Africa,South Africa,biomass_i,year,year,GWa,1.7857143,2020,1995
663,coal,secondary,M1,South Africa,South Africa,igcc,year,year,GWa,2.3809524,2050,2040
664,gas,secondary,M1,South Africa,South Africa,gas_ct,year,year,GWa,2.5,2020,2005
665,gas,secondary,M1,South Africa,South Africa,gas_ppl,year,year,GWa,2.5,2040,2030
666,electr,secondary,M1,South Africa,South Africa,elec_t_d,year,year,GWa,1.2048193,2010,2005
667,lightoil,secondary,M1,South Africa,South Africa,loil_ppl,year,year,GWa,2.5,2040,2030
668,gas,secondary,M1,South Africa,South Africa,gas_ct,year,year,GWa,2.5,2030,2005
669,lightoil,final,M1,South Africa,South Africa,loil_i,year,year,GWa,1.8181819,2000,1990
670,coal,resource,M1,South Africa,South Africa,coal_extr,year,year,GWa,1.0,2020,2010
671,lightoil,final,M1,South Africa,South Africa,loil_i,year,year,GWa,1.8181819,1995,1990
672,biomass,primary,M1,South Africa,South Africa,biomass_nc,year,year,GWa,8.333333,2000,1995
673,gas,secondary,M1,South Africa,South Africa,gas_ppl,year,year,GWa,2.5,2050,2030
674,fueloil,final,M1,South Africa,South Africa,foil_i,year,year,GWa,1.3333334,2050,2040
675,gas,secondary,M1,South Africa,South Africa,gas_ct,year,year,GWa,2.5,2010,2005
676,fueloil,secondary,M1,South Africa,South Africa,foil_ppl,year,year,GWa,2.5,2040,2010
677,gas,secondary,M1,South Africa,South Africa,gas_ppl,year,year,GWa,3.125,2000,1995
678,electr,secondary,M1,South Africa,South Africa,elec_t_d,year,year,GWa,1.1494253,2030,2005
679,lightoil,secondary,M1,South Africa,South Africa,loil_ppl,year,year,GWa,3.5714285,2000,1995
680,biomass,final,M1,South Africa,South Africa,biomass_i,year,year,GWa,1.9417475,2005,1995
681,electr,final,M1,South Africa,South Africa,elec_i,year,year,GWa,1.0869565,2050,2040
682,lightoil,final,M1,South Africa,South Africa,loil_i,year,year,GWa,1.4925373,2030,2020
683,lightoil,final,M1,South Africa,South Africa,loil_i,year,year,GWa,1.6949153,2010,1990
684,gas,secondary,M1,South Africa,South Africa,gas_ppl,year,year,GWa,2.7777777,2005,1995
685,coal,secondary,M1,South Africa,South Africa,coal_ppl,year,year,GWa,2.5169897,2040,2020
686,electr,secondary,M1,South Africa,South Africa,meth_coal_ccs,year,year,GWa,0.0,2050,2040
687,lightoil,secondary,M1,South Africa,South Africa,loil_ppl,year,year,GWa,2.5,2005,1995
688,electr,secondary,M1,South Africa,South Africa,elec_t_d,year,year,GWa,1.1363636,2040,2005
689,biomass,final,M1,South Africa,South Africa,biomass_i,year,year,GWa,1.5384616,2050,2030
690,biomass,primary,M1,South Africa,South Africa,gas_bio,year,year,GWa,1.32626,2030,2020
691,crudeoil,secondary,M1,South Africa,South Africa,ref_hil,year,year,GWa,1.0752689,2010,1995
692,fueloil,final,M1,South Africa,South Africa,foil_i,year,year,GWa,1.6949153,2010,2000
693,gas,secondary,M1,South Africa,South Africa,gas_t_d,year,year,GWa,1.1947432,2050,2010
694,gas,final,M1,South Africa,South Africa,gas_i,year,year,GWa,1.2987013,2040,2030
695,gas,secondary,M1,South Africa,South Africa,gas_cc,year,year,GWa,1.7857143,2030,2010
696,gas,final,M1,South Africa,South Africa,gas_i,year,year,GWa,1.25,2050,2030
697,gas,secondary,M1,South Africa,South Africa,gas_cc,year,year,GWa,1.7857143,2020,2010
698,gas,secondary,M1,South Africa,South Africa,gas_t_d,year,year,GWa,1.3831259,2030,2005
699,crudeoil,secondary,M1,South Africa,South Africa,ref_hil,year,year,GWa,1.081081,2005,1995
700,fueloil,final,M1,South Africa,South Africa,foil_i,year,year,GWa,1.4925373,2030,2005
701,coal,secondary,M1,South Africa,South Africa,coal_adv_ccs,year,year,GWa,2.857143,2050,2040
702,lightoil,final,M1,South Africa,South Africa,loil_i,year,year,GWa,1.4084507,2040,2020
703,coal,final,M1,South Africa,South Africa,coal_i,year,year,GWa,2.0408163,2010,2005
704,biomass,final,M1,South Africa,South Africa,biomass_i,year,year,GWa,2.2222223,2000,1995
705,electr,secondary,M1,South Africa,South Africa,meth_ng_ccs,year,year,GWa,0.0016666667,2040,2030
706,biomass,primary,M1,South Africa,South Africa,bio_istig,year,year,GWa,2.7027028,2030,2010
707,electr,final,M1,South Africa,South Africa,elec_i,year,year,GWa,1.1494253,2010,2005
708,crudeoil,secondary,M1,South Africa,South Africa,ref_hil,year,year,GWa,1.0869565,2000,1995
709,crudeoil,secondary,M1,South Africa,South Africa,ref_hil,year,year,GWa,1.0526316,2050,2030
710,coal,secondary,M1,South Africa,South Africa,coal_adv,year,year,GWa,2.1276596,2020,2010
711,gas,secondary,M1,South Africa,South Africa,gas_t_d,year,year,GWa,1.2820513,2040,2005
712,coal,final,M1,South Africa,South Africa,coal_i,year,year,GWa,1.6949153,2030,2010
713,gas,final,M1,South Africa,South Africa,gas_i,year,year,GWa,1.4705882,2010,2000
714,biomass,final,M1,South Africa,South Africa,biomass_i,year,year,GWa,1.6129032,2040,2020
715,fueloil,final,M1,South Africa,South Africa,foil_i,year,year,GWa,1.5873016,2020,2000
716,gas,secondary,M1,South Africa,South Africa,gas_ppl,year,year,GWa,2.5,2020,1995
717,biomass,primary,M1,South Africa,South Africa,bio_istig,year,year,GWa,2.7027028,2030,2020
718,electr,final,M1,South Africa,South Africa,elec_i,year,year,GWa,1.1494253,2010,2000
719,biomass,final,M1,South Africa,South Africa,biomass_i,year,year,GWa,1.6129032,2040,2030
720,lightoil,secondary,M1,South Africa,South Africa,loil_ppl,year,year,GWa,2.5,2010,2000
721,electr,secondary,M1,South Africa,South Africa,elec_t_d,year,year,GWa,1.1235955,2050,2010
722,electr,secondary,M1,South Africa,South Africa,meth_coal_ccs,year,year,GWa,0.0,2040,2030
723,electr,secondary,M1,South Africa,South Africa,gas_bio,year,year,GWa,0.13129973,2030,2010
724,gas,final,M1,South Africa,South Africa,gas_i,year,year,GWa,1.4084507,2020,2000
725,lightoil,secondary,M1,South Africa,South Africa,loil_ppl,year,year,GWa,2.5,2005,2000
726,crudeoil,secondary,M1,South Africa,South Africa,ref_hil,year,year,GWa,1.0526316,2040,2030
727,biomass,primary,M1,South Africa,South Africa,bio_istig,year,year,GWa,2.7027028,2020,2010
728,electr,final,M1,South Africa,South Africa,elec_i,year,year,GWa,1.1235955,2020,2005
729,gas,secondary,M1,South Africa,South Africa,gas_ppl,year,year,GWa,2.857143,2010,1995
730,lightoil,final,M1,South Africa,South Africa,loil_i,year,year,GWa,1.5873016,2020,2010
731,electr,secondary,M1,South Africa,South Africa,meth_coal,year,year,GWa,0.0,2050,2040
732,coal,secondary,M1,South Africa,South Africa,coal_adv,year,year,GWa,2.1276596,2040,2010
733,gas,secondary,M1,South Africa,South Africa,gas_cc,year,year,GWa,1.7857143,2030,2020
734,gas,final,M1,South Africa,South Africa,gas_i,year,year,GWa,1.5037594,2005,2000
735,biomass,primary,M1,South Africa,South Africa,bio_istig,year,year,GWa,2.7027028,2040,2020
736,biomass,final,M1,South Africa,South Africa,biomass_i,year,year,GWa,1.6949153,2030,2020
737,gas,final,M1,South Africa,South Africa,gas_i,year,year,GWa,1.4705882,2010,1995
738,coal,secondary,M1,South Africa,South Africa,igcc_ccs,year,year,GWa,2.9411764,2050,2030
739,coal,secondary,M1,South Africa,South Africa,syn_liq,year,year,GWa,2.2727273,2040,2020
740,gas,secondary,M1,South Africa,South Africa,gas_ppl,year,year,GWa,2.5,2020,2000
741,electr,secondary,M1,South Africa,South Africa,meth_ng_ccs,year,year,GWa,0.0016666667,2050,2030
742,coal,final,M1,South Africa,South Africa,coal_i,year,year,GWa,1.8518518,2020,2005
743,lightoil,secondary,M1,South Africa,South Africa,loil_ppl,year,year,GWa,2.5,2050,2040
744,coal,secondary,M1,South Africa,South Africa,coal_ppl,year,year,GWa,2.6041667,2020,1995
745,electr,secondary,M1,South Africa,South Africa,elec_t_d,year,year,GWa,1.1494253,2030,2010
746,gas,final,M1,South Africa,South Africa,gas_i,year,year,GWa,1.5384616,2000,1995
747,coal,secondary,M1,South Africa,South Africa,igcc_ccs,year,year,GWa,2.9411764,2040,2030
748,electr,secondary,M1,South Africa,South Africa,meth_ng,year,year,GWa,0.0,2050,2040
749,crudeoil,secondary,M1,South Africa,South Africa,ref_hil,year,year,GWa,1.0526316,2040,2020
750,electr,secondary,M1,South Africa,South Africa,meth_ng_ccs,year,year,GWa,0.0016666667,2050,2040
751,lightoil,secondary,M1,South Africa,South Africa,loil_ppl,year,year,GWa,2.5,2050,2030
752,electr,final,M1,South Africa,South Africa,elec_i,year,year,GWa,1.1627907,2005,2000
753,coal,secondary,M1,South Africa,South Africa,igcc,year,year,GWa,2.3809524,2040,2030
754,crudeoil,secondary,M1,South Africa,South Africa,ref_hil,year,year,GWa,1.0526316,2030,2020
755,electr,secondary,M1,South Africa,South Africa,elec_t_d,year,year,GWa,1.1363636,2040,2010
756,electr,secondary,M1,South Africa,South Africa,gas_bio,year,year,GWa,0.13414635,2020,2010
757,coal,secondary,M1,South Africa,South Africa,meth_coal_ccs,year,year,GWa,1.9230769,2050,2040
758,lightoil,secondary,M1,South Africa,South Africa,loil_ppl,year,year,GWa,2.5,2030,2020
759,coal,secondary,M1,South Africa,South Africa,igcc_ccs,year,year,GWa,2.9411764,2050,2040
760,gas,secondary,M1,South Africa,South Africa,gas_ct,year,year,GWa,2.5,2050,2040
761,fueloil,secondary,M1,South Africa,South Africa,foil_ppl,year,year,GWa,2.5,2020,1990
762,electr,secondary,M1,South Africa,South Africa,elec_t_d,year,year,GWa,1.1627907,2020,2005
763,coal,secondary,M1,South Africa,South Africa,coal_adv,year,year,GWa,2.1276596,2030,2010
764,coal,secondary,M1,South Africa,South Africa,syn_liq,year,year,GWa,2.2727273,2030,2020
765,coal,secondary,M1,South Africa,South Africa,meth_coal,year,year,GWa,1.9230769,2050,2040
766,gas,final,M1,South Africa,South Africa,gas_i,year,year,GWa,1.5037594,2005,1995
767,electr,secondary,M1,South Africa,South Africa,elec_t_d,year,year,GWa,1.2048193,2010,2000
768,gas,secondary,M1,South Africa,South Africa,gas_ppl,year,year,GWa,2.5,2030,2000
769,coal,secondary,M1,South Africa,South Africa,meth_coal_ccs,year,year,GWa,1.9230769,2040,2030
770,coal,final,M1,South Africa,South Africa,coal_i,year,year,GWa,1.6949153,2030,2005
771,electr,secondary,M1,South Africa,South Africa,elec_t_d,year,year,GWa,1.1627907,2020,2000
772,coal,secondary,M1,South Africa,South Africa,coal_adv,year,year,GWa,2.1276596,2050,2040
773,lightoil,secondary,M1,South Africa,South Africa,loil_ppl,year,year,GWa,3.4482758,1995,1990
774,biomass,final,M1,South Africa,South Africa,biomass_i,year,year,GWa,1.8867924,2010,2000
775,gas,secondary,M1,South Africa,South Africa,gas_t_d,year,year,GWa,1.6666666,2020,1990
776,gas,secondary,M1,South Africa,South Africa,gas_ppl,year,year,GWa,3.125,2000,1990
777,gas,final,M1,South Africa,South Africa,gas_i,year,year,GWa,1.5384616,1995,1990
778,fueloil,secondary,M1,South Africa,South Africa,foil_ppl,year,year,GWa,2.5,2040,2020
779,fueloil,final,M1,South Africa,South Africa,foil_i,year,year,GWa,1.4084507,2040,2030
780,coal,secondary,M1,South Africa,South Africa,coal_ppl,year,year,GWa,2.9411764,2000,1995
781,coal,secondary,M1,South Africa,South Africa,igcc,year,year,GWa,2.3809524,2050,2030
782,electr,secondary,M1,South Africa,South Africa,elec_t_d,year,year,GWa,1.1363636,2040,1990
783,electr,final,M1,South Africa,South Africa,elec_i,year,year,GWa,1.0989012,2040,2030
784,gas,secondary,M1,South Africa,South Africa,meth_ng_ccs,year,year,GWa,1.6666666,2040,2020
785,electr,secondary,M1,South Africa,South Africa,gas_bio,year,year,GWa,0.12857144,2050,2040
786,gas,secondary,M1,South Africa,South Africa,gas_t_d,year,year,GWa,2.173913,2010,2000
787,coal,final,M1,South Africa,South Africa,coal_i,year,year,GWa,2.0408163,2010,2000
788,coal,secondary,M1,South Africa,South Africa,coal_ppl,year,year,GWa,2.631579,2010,1995
789,gas,secondary,M1,South Africa,South Africa,gas_ct,year,year,GWa,2.5,2020,2010
790,electr,secondary,M1,South Africa,South Africa,elec_t_d,year,year,GWa,1.1363636,2040,2000
791,coal,secondary,M1,South Africa,South Africa,coal_gas,year,year,GWa,1.3157895,2020,2010
792,gas,secondary,M1,South Africa,South Africa,gas_ppl,year,year,GWa,2.5,2040,2020
793,fueloil,secondary,M1,South Africa,South Africa,foil_ppl,year,year,GWa,3.4482758,2000,1990
794,lightoil,secondary,M1,South Africa,South Africa,loil_ppl,year,year,GWa,2.5,2005,1990
795,fueloil,final,M1,South Africa,South Africa,foil_i,year,year,GWa,1.8181819,2000,1995
796,coal,final,M1,South Africa,South Africa,coal_i,year,year,GWa,2.1276596,2005,1990
797,gas,secondary,M1,South Africa,South Africa,gas_cc_ccs,year,year,GWa,2.0833333,2030,2020
798,electr,final,M1,South Africa,South Africa,elec_i,year,year,GWa,1.1111112,2030,2010
799,biomass,primary,M1,South Africa,South Africa,bio_istig,year,year,GWa,2.7027028,2040,2030
800,fueloil,final,M1,South Africa,South Africa,foil_i,year,year,GWa,1.6949153,2010,1995
801,gas,secondary,M1,South Africa,South Africa,gas_ct,year,year,GWa,2.5,2020,1990
802,electr,final,M1,South Africa,South Africa,elec_i,year,year,GWa,1.1627907,2005,1995
803,fueloil,secondary,M1,South Africa,South Africa,foil_ppl,year,year,GWa,2.5,2010,1990
804,gas,secondary,M1,South Africa,South Africa,gas_ct,year,year,GWa,2.2988505,2005,2000
805,biomass,primary,M1,South Africa,South Africa,biomass_nc,year,year,GWa,8.333333,1995,1990
806,crudeoil,secondary,M1,South Africa,South Africa,ref_hil,year,year,GWa,1.0526316,2040,2010
807,gas,secondary,M1,South Africa,South Africa,gas_t_d,year,year,GWa,2.1929824,2000,1990
808,lightoil,secondary,M1,South Africa,South Africa,loil_ppl,year,year,GWa,2.5,2030,2005
809,lightoil,final,M1,South Africa,South Africa,loil_i,year,year,GWa,1.4925373,2030,2010
810,coal,final,M1,South Africa,South Africa,coal_i,year,year,GWa,1.5625,2040,2020
811,gas,secondary,M1,South Africa,South Africa,gas_cc,year,year,GWa,1.8518518,2000,1995
812,coal,secondary,M1,South Africa,South Africa,coal_ppl,year,year,GWa,2.5169897,2040,2010
813,coal,secondary,M1,South Africa,South Africa,igcc_ccs,year,year,GWa,2.9411764,2040,2020
814,coal,secondary,M1,South Africa,South Africa,coal_adv,year,year,GWa,2.1276596,2030,2020
815,crudeoil,secondary,M1,South Africa,South Africa,ref_hil,year,year,GWa,1.0638298,2020,2000
816,gas,final,M1,South Africa,South Africa,gas_i,year,year,GWa,1.4705882,2010,1990
817,biomass,primary,M1,South Africa,South Africa,biomass_nc,year,year,GWa,8.333333,2005,2000
818,lightoil,final,M1,South Africa,South Africa,loil_i,year,year,GWa,1.3333334,2050,2030
819,gas,secondary,M1,South Africa,South Africa,gas_ppl,year,year,GWa,2.5,2020,1990
820,biomass,primary,M1,South Africa,South Africa,gas_bio,year,year,GWa,1.2987013,2040,2030
821,electr,secondary,M1,South Africa,South Africa,meth_coal,year,year,GWa,0.0,2040,2030
822,electr,secondary,M1,South Africa,South Africa,elec_t_d,year,year,GWa,1.2195122,2005,1990
823,gas,secondary,M1,South Africa,South Africa,gas_ppl,year,year,GWa,2.5,2020,2005
824,electr,secondary,M1,South Africa,South Africa,meth_coal_ccs,year,year,GWa,0.0,2030,2020
825,coal,secondary,M1,South Africa,South Africa,igcc,year,year,GWa,2.3809524,2030,2010
826,gas,secondary,M1,South Africa,South Africa,gas_cc,year,year,GWa,1.7857143,2010,2005
827,gas,final,M1,South Africa,South Africa,gas_i,year,year,GWa,1.3513514,2030,2020
828,biomass,final,M1,South Africa,South Africa,biomass_i,year,year,GWa,1.6949153,2030,2010
829,coal,secondary,M1,South Africa,South Africa,coal_adv_ccs,year,year,GWa,2.857143,2040,2030
830,gas,final,M1,South Africa,South Africa,gas_i,year,year,GWa,1.4084507,2020,1995
831,gas,secondary,M1,South Africa,South Africa,gas_ppl,year,year,GWa,2.857143,2010,2000
832,biomass,primary,M1,South Africa,South Africa,gas_bio,year,year,GWa,1.3550136,2020,2010
833,biomass,primary,M1,South Africa,South Africa,biomass_nc,year,year,GWa,8.333333,2020,2010
834,coal,secondary,M1,South Africa,South Africa,coal_ppl,year,year,GWa,2.6041667,2020,2010
835,gas,secondary,M1,South Africa,South Africa,meth_ng,year,year,GWa,1.6666666,2040,2020
836,lightoil,secondary,M1,South Africa,South Africa,loil_ppl,year,year,GWa,2.5,2020,2000
837,gas,secondary,M1,South Africa,South Africa,gas_ct,year,year,GWa,2.2988505,2005,1990
838,gas,secondary,M1,South Africa,South Africa,gas_t_d,year,year,GWa,1.3831259,2030,2010
839,lightoil,final,M1,South Africa,South Africa,loil_i,year,year,GWa,1.5873016,2020,2005
840,gas,secondary,M1,South Africa,South Africa,gas_cc,year,year,GWa,1.7857143,2040,2010
841,electr,secondary,M1,South Africa,South Africa,elec_t_d,year,year,GWa,1.1235955,2050,2005
842,gas,secondary,M1,South Africa,South Africa,meth_ng,year,year,GWa,1.6666666,2050,2030
843,lightoil,secondary,M1,South Africa,South Africa,loil_ppl,year,year,GWa,2.5,2010,1995
844,lightoil,final,M1,South Africa,South Africa,loil_i,year,year,GWa,1.6949153,2010,2000
845,gas,final,M1,South Africa,South Africa,gas_i,year,year,GWa,1.25,2050,2040
846,lightoil,final,M1,South Africa,South Africa,loil_i,year,year,GWa,1.5873016,2020,1995
847,lightoil,secondary,M1,South Africa,South Africa,loil_ppl,year,year,GWa,2.5,2020,1990
848,fueloil,secondary,M1,South Africa,South Africa,foil_ppl,year,year,GWa,2.5,2030,2010
849,gas,secondary,M1,South Africa,South Africa,gas_cc,year,year,GWa,1.7857143,2030,2005
850,gas,secondary,M1,South Africa,South Africa,gas_ct,year,year,GWa,2.5,2040,2010
851,fueloil,final,M1,South Africa,South Africa,foil_i,year,year,GWa,1.4925373,2030,2020
852,gas,secondary,M1,South Africa,South Africa,gas_t_d,year,year,GWa,1.6666666,2020,2005
853,lightoil,final,M1,South Africa,South Africa,loil_i,year,year,GWa,1.754386,2005,1995
854,coal,secondary,M1,South Africa,South Africa,coal_ppl,year,year,GWa,2.631579,2010,2005
855,fueloil,secondary,M1,South Africa,South Africa,foil_ppl,year,year,GWa,3.3333333,2005,1995
856,coal,secondary,M1,South Africa,South Africa,coal_gas,year,year,GWa,1.3157895,2040,2030
857,fueloil,final,M1,South Africa,South Africa,foil_i,year,year,GWa,1.754386,2005,2000
858,gas,secondary,M1,South Africa,South Africa,gas_cc,year,year,GWa,1.7857143,2010,1995
859,electr,secondary,M1,South Africa,South Africa,elec_t_d,year,year,GWa,1.1627907,2020,1990
860,coal,secondary,M1,South Africa,South Africa,coal_gas,year,year,GWa,1.3157895,2050,2040
861,gas,secondary,M1,South Africa,South Africa,gas_ct,year,year,GWa,2.5,2020,2000
862,fueloil,secondary,M1,South Africa,South Africa,foil_ppl,year,year,GWa,2.5,2010,2000
863,coal,secondary,M1,South Africa,South Africa,coal_ppl,year,year,GWa,2.5169897,2040,2030
864,gas,secondary,M1,South Africa,South Africa,gas_t_d,year,year,GWa,1.2820513,2040,2020
865,fueloil,final,M1,South Africa,South Africa,foil_i,year,year,GWa,1.6949153,2010,2005
866,gas,secondary,M1,South Africa,South Africa,gas_t_d,year,year,GWa,1.1947432,2050,2030
867,fueloil,secondary,M1,South Africa,South Africa,foil_ppl,year,year,GWa,2.5,2020,2005
868,gas,secondary,M1,South Africa,South Africa,gas_cc,year,year,GWa,1.7857143,2020,2000
869,coal,secondary,M1,South Africa,South Africa,coal_ppl,year,year,GWa,2.5595086,2030,2020
870,fueloil,final,M1,South Africa,South Africa,foil_i,year,year,GWa,1.5873016,2020,2010
871,gas,secondary,M1,South Africa,South Africa,gas_ct,year,year,GWa,2.5,2010,1995
872,gas,secondary,M1,South Africa,South Africa,gas_ppl,year,year,GWa,3.0959752,1990,1985
873,gas,secondary,M1,South Africa,South Africa,gas_ppl,year,year,GWa,2.857143,2010,1985
874,gas,secondary,M1,South Africa,South Africa,gas_ppl,year,year,GWa,2.7777777,2005,1985
875,gas,secondary,M1,South Africa,South Africa,gas_ppl,year,year,GWa,3.030303,1995,1985
876,gas,secondary,M1,South Africa,South Africa,gas_ppl,year,year,GWa,3.125,2000,1985
877,electr,secondary,M1,South Africa,South Africa,elec_t_d,year,year,GWa,1.1904762,1990,1965
878,electr,secondary,M1,South Africa,South Africa,elec_t_d,year,year,GWa,1.2820513,2000,1965
879,electr,secondary,M1,South Africa,South Africa,elec_t_d,year,year,GWa,1.183432,1995,1965
880,electr,secondary,M1,South Africa,South Africa,elec_t_d,year,year,GWa,1.2048193,2010,1965
881,electr,secondary,M1,South Africa,South Africa,elec_t_d,year,year,GWa,1.2195122,2005,1965
882,electr,secondary,M1,South Africa,South Africa,elec_t_d,year,year,GWa,1.1627907,2020,1965
883,electr,secondary,M1,South Africa,South Africa,elec_t_d,year,year,GWa,1.1904762,1990,1970
884,electr,secondary,M1,South Africa,South Africa,elec_t_d,year,year,GWa,1.2820513,2000,1970
885,electr,secondary,M1,South Africa,South Africa,elec_t_d,year,year,GWa,1.183432,1995,1970
886,electr,secondary,M1,South Africa,South Africa,elec_t_d,year,year,GWa,1.1494253,2030,1970
887,electr,secondary,M1,South Africa,South Africa,elec_t_d,year,year,GWa,1.2048193,2010,1970
888,electr,secondary,M1,South Africa,South Africa,elec_t_d,year,year,GWa,1.2195122,2005,1970
889,electr,secondary,M1,South Africa,South Africa,elec_t_d,year,year,GWa,1.1627907,2020,1970
890,electr,secondary,M1,South Africa,South Africa,elec_t_d,year,year,GWa,1.1904762,1990,1975
891,electr,secondary,M1,South Africa,South Africa,elec_t_d,year,year,GWa,1.2820513,2000,1975
892,electr,secondary,M1,South Africa,South Africa,elec_t_d,year,year,GWa,1.183432,1995,1975
893,electr,secondary,M1,South Africa,South Africa,elec_t_d,year,year,GWa,1.1494253,2030,1975
894,electr,secondary,M1,South Africa,South Africa,elec_t_d,year,year,GWa,1.2048193,2010,1975
895,electr,secondary,M1,South Africa,South Africa,elec_t_d,year,year,GWa,1.2195122,2005,1975
896,electr,secondary,M1,South Africa,South Africa,elec_t_d,year,year,GWa,1.1627907,2020,1975
897,electr,secondary,M1,South Africa,South Africa,elec_t_d,year,year,GWa,1.1904762,1990,1980
898,electr,secondary,M1,South Africa,South Africa,elec_t_d,year,year,GWa,1.2820513,2000,1980
899,electr,secondary,M1,South Africa,South Africa,elec_t_d,year,year,GWa,1.183432,1995,1980
900,electr,secondary,M1,South Africa,South Africa,elec_t_d,year,year,GWa,1.1494253,2030,1980
901,electr,secondary,M1,South Africa,South Africa,elec_t_d,year,year,GWa,1.2048193,2010,1980
902,electr,secondary,M1,South Africa,South Africa,elec_t_d,year,year,GWa,1.1363636,2040,1980
903,electr,secondary,M1,South Africa,South Africa,elec_t_d,year,year,GWa,1.2195122,2005,1980
904,electr,secondary,M1,South Africa,South Africa,elec_t_d,year,year,GWa,1.1627907,2020,1980
905,electr,secondary,M1,South Africa,South Africa,elec_t_d,year,year,GWa,1.1904762,1990,1985
906,electr,secondary,M1,South Africa,South Africa,elec_t_d,year,year,GWa,1.2820513,2000,1985
907,electr,secondary,M1,South Africa,South Africa,elec_t_d,year,year,GWa,1.183432,1995,1985
908,electr,secondary,M1,South Africa,South Africa,elec_t_d,year,year,GWa,1.1494253,2030,1985
909,electr,secondary,M1,South Africa,South Africa,elec_t_d,year,year,GWa,1.2048193,2010,1985
910,electr,secondary,M1,South Africa,South Africa,elec_t_d,year,year,GWa,1.1363636,2040,1985
911,electr,secondary,M1,South Africa,South Africa,elec_t_d,year,year,GWa,1.2195122,2005,1985
912,electr,secondary,M1,South Africa,South Africa,elec_t_d,year,year,GWa,1.1627907,2020,1985
913,gas,secondary,M1,South Africa,South Africa,gas_t_d,year,year,GWa,1.6393442,1990,1975
914,gas,secondary,M1,South Africa,South Africa,gas_t_d,year,year,GWa,2.173913,2010,1975
915,gas,secondary,M1,South Africa,South Africa,gas_t_d,year,year,GWa,2.3364487,2005,1975
916,gas,secondary,M1,South Africa,South Africa,gas_t_d,year,year,GWa,1.5673981,1995,1975
917,gas,secondary,M1,South Africa,South Africa,gas_t_d,year,year,GWa,2.1929824,2000,1975
918,gas,secondary,M1,South Africa,South Africa,gas_t_d,year,year,GWa,1.6393442,1990,1980
919,gas,secondary,M1,South Africa,South Africa,gas_t_d,year,year,GWa,2.173913,2010,1980
920,gas,secondary,M1,South Africa,South Africa,gas_t_d,year,year,GWa,2.3364487,2005,1980
921,gas,secondary,M1,South Africa,South Africa,gas_t_d,year,year,GWa,1.5673981,1995,1980
922,gas,secondary,M1,South Africa,South Africa,gas_t_d,year,year,GWa,1.6666666,2020,1980
923,gas,secondary,M1,South Africa,South Africa,gas_t_d,year,year,GWa,2.1929824,2000,1980
924,gas,secondary,M1,South Africa,South Africa,gas_t_d,year,year,GWa,1.6393442,1990,1985
925,gas,secondary,M1,South Africa,South Africa,gas_t_d,year,year,GWa,2.173913,2010,1985
926,gas,secondary,M1,South Africa,South Africa,gas_t_d,year,year,GWa,2.3364487,2005,1985
927,gas,secondary,M1,South Africa,South Africa,gas_t_d,year,year,GWa,1.5673981,1995,1985
928,gas,secondary,M1,South Africa,South Africa,gas_t_d,year,year,GWa,1.6666666,2020,1985
929,gas,secondary,M1,South Africa,South Africa,gas_t_d,year,year,GWa,2.1929824,2000,1985
930,biomass,renewable,M1,South Africa,South Africa,bio_extr,year,year,???,1.0,2010,2010
931,biomass,renewable,M1,South Africa,South Africa,bio_extr,year,year,???,1.0,2020,2020
932,biomass,renewable,M1,South Africa,South Africa,bio_extr,year,year,???,1.0,2030,2030
933,biomass,renewable,M1,South Africa,South Africa,bio_extr,year,year,???,1.0,2040,2040
934,biomass,renewable,M1,South Africa,South Africa,bio_extr,year,year,???,1.0,2050,2050
935,biomass,primary,M1,South Africa,South Africa,bio_ind,year,year,???,1.0,2010,2010
936,wind,renewable,M1,South Africa,South Africa,wind_ppl,year,year,???,1.0,2010,2010
937,wind,renewable,M1,South Africa,South Africa,wind_ppl,year,year,???,1.0,2020,2020
938,wind,renewable,M1,South Africa,South Africa,wind_ppl,year,year,???,1.0,2030,2030
939,wind,renewable,M1,South Africa,South Africa,wind_ppl,year,year,???,1.0,2040,2040
940,wind,renewable,M1,South Africa,South Africa,wind_ppl,year,year,???,1.0,2050,2050
941,wind,renewable,M1,South Africa,South Africa,wind_ppl,year,year,???,1.0,2020,2010
942,wind,renewable,M1,South Africa,South Africa,wind_ppl,year,year,???,1.0,2030,2010
943,wind,renewable,M1,South Africa,South Africa,wind_ppl,year,year,???,1.0,2030,2020
944,wind,renewable,M1,South Africa,South Africa,wind_ppl,year,year,???,1.0,2040,2010
945,wind,renewable,M1,South Africa,South Africa,wind_ppl,year,year,???,1.0,2040,2020
946,wind,renewable,M1,South Africa,South Africa,wind_ppl,year,year,???,1.0,2040,2030
947,wind,renewable,M1,South Africa,South Africa,wind_ppl,year,year,???,1.0,2050,2030
948,wind,renewable,M1,South Africa,South Africa,wind_ppl,year,year,???,1.0,2050,2040
949,solar_pv,renewable,M1,South Africa,South Africa,solar_pv_ppl,year,year,???,1.0,2010,2010
950,solar_pv,renewable,M1,South Africa,South Africa,solar_pv_ppl,year,year,???,1.0,2020,2020
951,solar_pv,renewable,M1,South Africa,South Africa,solar_pv_ppl,year,year,???,1.0,2030,2030
952,solar_pv,renewable,M1,South Africa,South Africa,solar_pv_ppl,year,year,???,1.0,2040,2040
953,solar_pv,renewable,M1,South Africa,South Africa,solar_pv_ppl,year,year,???,1.0,2050,2050
954,solar_pv,renewable,M1,South Africa,South Africa,solar_pv_ppl,year,year,???,1.0,2020,2010
955,solar_pv,renewable,M1,South Africa,South Africa,solar_pv_ppl,year,year,???,1.0,2030,2010
956,solar_pv,renewable,M1,South Africa,South Africa,solar_pv_ppl,year,year,???,1.0,2030,2020
957,solar_pv,renewable,M1,South Africa,South Africa,solar_pv_ppl,year,year,???,1.0,2040,2010
958,solar_pv,renewable,M1,South Africa,South Africa,solar_pv_ppl,year,year,???,1.0,2040,2020
959,solar_pv,renewable,M1,South Africa,South Africa,solar_pv_ppl,year,year,???,1.0,2040,2030
960,solar_pv,renewable,M1,South Africa,South Africa,solar_pv_ppl,year,year,???,1.0,2050,2030
961,solar_pv,renewable,M1,South Africa,South Africa,solar_pv_ppl,year,year,???,1.0,2050,2040
962,solar_th,renewable,M1,South Africa,South Africa,solar_th_ppl_base,year,year,???,1.0,2010,2010
963,solar_th,renewable,M1,South Africa,South Africa,solar_th_ppl_base,year,year,???,1.0,2020,2020
964,solar_th,renewable,M1,South Africa,South Africa,solar_th_ppl_base,year,year,???,1.0,2030,2030
965,solar_th,renewable,M1,South Africa,South Africa,solar_th_ppl_base,year,year,???,1.0,2040,2040
966,solar_th,renewable,M1,South Africa,South Africa,solar_th_ppl_base,year,year,???,1.0,2050,2050
967,solar_th,renewable,M1,South Africa,South Africa,solar_th_ppl_base,year,year,???,1.0,2020,2010
968,solar_th,renewable,M1,South Africa,South Africa,solar_th_ppl_base,year,year,???,1.0,2030,2010
969,solar_th,renewable,M1,South Africa,South Africa,solar_th_ppl_base,year,year,???,1.0,2030,2020
970,solar_th,renewable,M1,South Africa,South Africa,solar_th_ppl_base,year,year,???,1.0,2040,2020
971,solar_th,renewable,M1,South Africa,South Africa,solar_th_ppl_base,year,year,???,1.0,2040,2030
972,solar_th,renewable,M1,South Africa,South Africa,solar_th_ppl_base,year,year,???,1.0,2050,2030
973,solar_th,renewable,M1,South Africa,South Africa,solar_th_ppl_base,year,year,???,1.0,2050,2040
974,solar_th,renewable,M1,South Africa,South Africa,solar_th_ppl,year,year,???,1.0,2010,2010
975,solar_th,renewable,M1,South Africa,South Africa,solar_th_ppl,year,year,???,1.0,2020,2020
976,solar_th,renewable,M1,South Africa,South Africa,solar_th_ppl,year,year,???,1.0,2030,2030
977,solar_th,renewable,M1,South Africa,South Africa,solar_th_ppl,year,year,???,1.0,2040,2040
978,solar_th,renewable,M1,South Africa,South Africa,solar_th_ppl,year,year,???,1.0,2050,2050
979,solar_th,renewable,M1,South Africa,South Africa,solar_th_ppl,year,year,???,1.0,2020,2010
980,solar_th,renewable,M1,South Africa,South Africa,solar_th_ppl,year,year,???,1.0,2030,2010
981,solar_th,renewable,M1,South Africa,South Africa,solar_th_ppl,year,year,???,1.0,2030,2020
982,solar_th,renewable,M1,South Africa,South Africa,solar_th_ppl,year,year,???,1.0,2040,2020
983,solar_th,renewable,M1,South Africa,South Africa,solar_th_ppl,year,year,???,1.0,2040,2030
984,solar_th,renewable,M1,South Africa,South Africa,solar_th_ppl,year,year,???,1.0,2050,2030
985,solar_th,renewable,M1,South Africa,South Africa,solar_th_ppl,year,year,???,1.0,2050,2040
986,crudeoil,resource,M1,South Africa,South Africa,oil_extr,year,year,???,1.0,2010,2010
987,crudeoil,resource,M1,South Africa,South Africa,oil_extr,year,year,???,1.0,2020,2020
988,crudeoil,resource,M1,South Africa,South Africa,oil_extr,year,year,???,1.0,2030,2030
989,crudeoil,resource,M1,South Africa,South Africa,oil_extr,year,year,???,1.0,2040,2040
990,crudeoil,resource,M1,South Africa,South Africa,oil_extr,year,year,???,1.0,2050,2050
991,gas,resource,M1,South Africa,South Africa,gas_extr,year,year,???,1.0,2010,2010
992,gas,resource,M1,South Africa,South Africa,gas_extr,year,year,???,1.0,2020,2020
993,gas,resource,M1,South Africa,South Africa,gas_extr,year,year,???,1.0,2030,2030
994,gas,resource,M1,South Africa,South Africa,gas_extr,year,year,???,1.0,2040,2040
995,gas,resource,M1,South Africa,South Africa,gas_extr,year,year,???,1.0,2050,2050
996,shalegas,resource,M1,South Africa,South Africa,shale_extr,year,year,???,1.0,2020,2020
997,shalegas,resource,M1,South Africa,South Africa,shale_extr,year,year,???,1.0,2030,2030
998,shalegas,resource,M1,South Africa,South Africa,shale_extr,year,year,???,1.0,2040,2040
999,shalegas,resource,M1,South Africa,South Africa,shale_extr,year,year,???,1.0,2050,2050
1000,solar_th,renewable,M1,South Africa,South Africa,solar_rc,year,year,???,1.0,2010,2010
1001,solar_th,renewable,M1,South Africa,South Africa,solar_rc,year,year,???,1.0,2020,2020
1002,solar_th,renewable,M1,South Africa,South Africa,solar_rc,year,year,???,1.0,2030,2030
1003,solar_th,renewable,M1,South Africa,South Africa,solar_rc,year,year,???,1.0,2040,2040
1004,solar_th,renewable,M1,South Africa,South Africa,solar_rc,year,year,???,1.0,2050,2050
1005,solar_th,renewable,M1,South Africa,South Africa,solar_i,year,year,???,1.0,2010,2010
1006,solar_th,renewable,M1,South Africa,South Africa,solar_i,year,year,???,1.0,2020,2020
1007,solar_th,renewable,M1,South Africa,South Africa,solar_i,year,year,???,1.0,2030,2030
1008,solar_th,renewable,M1,South Africa,South Africa,solar_i,year,year,???,1.0,2040,2040
1009,solar_th,renewable,M1,South Africa,South Africa,solar_i,year,year,???,1.0,2050,2050
1010,solar_th,renewable,M1,South Africa,South Africa,solar_i,year,year,???,1.0,2020,2010
1011,solar_th,renewable,M1,South Africa,South Africa,solar_i,year,year,???,1.0,2030,2020
1012,solar_th,renewable,M1,South Africa,South Africa,solar_i,year,year,???,1.0,2040,2030
1013,solar_th,renewable,M1,South Africa,South Africa,solar_i,year,year,???,1.0,2050,2040
1014,hydro,renewable,M1,South Africa,South Africa,hydro_ppl,year,year,???,1.0,2010,2010
1015,hydro,renewable,M1,South Africa,South Africa,hydro_ppl,year,year,???,1.0,2020,2020
1016,hydro,renewable,M1,South Africa,South Africa,hydro_ppl,year,year,???,1.0,2030,2030
1017,hydro,renewable,M1,South Africa,South Africa,hydro_ppl,year,year,???,1.0,2040,2040
1018,hydro,renewable,M1,South Africa,South Africa,hydro_ppl,year,year,???,1.0,2050,2050
1019,hydro,renewable,M1,South Africa,South Africa,hydro_ppl,year,year,???,1.0,2040,2020
1020,hydro,renewable,M1,South Africa,South Africa,hydro_ppl,year,year,???,1.0,2040,2030
1021,hydro,renewable,M1,South Africa,South Africa,hydro_ppl,year,year,???,1.0,2050,2040
1022,hydro,renewable,M1,South Africa,South Africa,hydro_ppl,year,year,???,1.0,2050,2010
1023,hydro,renewable,M1,South Africa,South Africa,hydro_ppl,year,year,???,1.0,2030,2010
1024,hydro,renewable,M1,South Africa,South Africa,hydro_ppl,year,year,???,1.0,2020,2010
1025,hydro,renewable,M1,South Africa,South Africa,hydro_ppl,year,year,???,1.0,2030,2020
1026,hydro,renewable,M1,South Africa,South Africa,hydro_ppl,year,year,???,1.0,2050,2020
1027,hydro,renewable,M1,South Africa,South Africa,hydro_ppl,year,year,???,1.0,2040,2010
1028,hydro,renewable,M1,South Africa,South Africa,hydro_ppl,year,year,???,1.0,2050,2030
1029,coal,primary,M1,South Africa,South Africa,coal_exp,year,year,???,1.0,2010,2010
1030,coal,primary,M1,South Africa,South Africa,coal_exp,year,year,???,1.0,2020,2020
1031,coal,primary,M1,South Africa,South Africa,coal_exp,year,year,???,1.0,2030,2030
1032,coal,primary,M1,South Africa,South Africa,coal_exp,year,year,???,1.0,2040,2040
1033,coal,primary,M1,South Africa,South Africa,coal_exp,year,year,???,1.0,2050,2050
1034,gas,primary,M1,South Africa,South Africa,gas_exp,year,year,???,1.0,2010,2010
1035,gas,primary,M1,South Africa,South Africa,gas_exp,year,year,???,1.0,2020,2020
1036,gas,primary,M1,South Africa,South Africa,gas_exp,year,year,???,1.0,2030,2030
1037,gas,primary,M1,South Africa,South Africa,gas_exp,year,year,???,1.0,2040,2040
1038,gas,primary,M1,South Africa,South Africa,gas_exp,year,year,???,1.0,2050,2050
1039,crudeoil,primary,M1,South Africa,South Africa,oil_exp,year,year,???,1.0,2010,2010
1040,crudeoil,primary,M1,South Africa,South Africa,oil_exp,year,year,???,1.0,2020,2020
1041,crudeoil,primary,M1,South Africa,South Africa,oil_exp,year,year,???,1.0,2030,2030
1042,crudeoil,primary,M1,South Africa,South Africa,oil_exp,year,year,???,1.0,2040,2040
1043,crudeoil,primary,M1,South Africa,South Africa,oil_exp,year,year,???,1.0,2050,2050
1044,fueloil,secondary,M1,South Africa,South Africa,foil_exp,year,year,???,1.0,2010,2010
1045,fueloil,secondary,M1,South Africa,South Africa,foil_exp,year,year,???,1.0,2020,2020
1046,fueloil,secondary,M1,South Africa,South Africa,foil_exp,year,year,???,1.0,2030,2030
1047,fueloil,secondary,M1,South Africa,South Africa,foil_exp,year,year,???,1.0,2040,2040
1048,fueloil,secondary,M1,South Africa,South Africa,foil_exp,year,year,???,1.0,2050,2050
1049,lightoil,secondary,M1,South Africa,South Africa,loil_exp,year,year,???,1.0,2010,2010
1050,lightoil,secondary,M1,South Africa,South Africa,loil_exp,year,year,???,1.0,2020,2020
1051,lightoil,secondary,M1,South Africa,South Africa,loil_exp,year,year,???,1.0,2030,2030
1052,lightoil,secondary,M1,South Africa,South Africa,loil_exp,year,year,???,1.0,2040,2040
1053,lightoil,secondary,M1,South Africa,South Africa,loil_exp,year,year,???,1.0,2050,2050
1054,electr,secondary,M1,South Africa,South Africa,elec_exp,year,year,???,1.0,2010,2010
1055,electr,secondary,M1,South Africa,South Africa,elec_exp,year,year,???,1.0,2020,2020
1056,electr,secondary,M1,South Africa,South Africa,elec_exp,year,year,???,1.0,2030,2030
1057,electr,secondary,M1,South Africa,South Africa,elec_exp,year,year,???,1.0,2040,2040
1058,electr,secondary,M1,South Africa,South Africa,elec_exp,year,year,???,1.0,2050,2050
