,lvl,mode,mrg,node_loc,technology,time,year_act,year_vtg
0,0.0,M1,0.0,South Africa,bio_istig,year,2010,1990
1,0.0,M1,0.0,South Africa,bio_istig,year,2010,1995
2,0.00125,M1,0.0,South Africa,bio_istig,year,2020,1995
3,0.0,M1,0.0,South Africa,bio_istig,year,2010,2005
4,0.0042,M1,0.0,South Africa,bio_istig,year,2020,2005
5,0.0,M1,0.16578916,South Africa,bio_istig,year,2030,2005
6,0.0,M1,0.0,South Africa,bio_istig,year,2010,2010
7,0.0,M1,0.0,South Africa,bio_istig,year,2020,2010
8,0.0,M1,0.0,South Africa,bio_istig,year,2030,2010
9,0.0057347766,M1,0.0,South Africa,bio_istig,year,2020,2020
10,0.0057347766,M1,0.0,South Africa,bio_istig,year,2030,2020
11,0.0,M1,0.0,South Africa,bio_istig,year,2040,2020
12,0.0019995929,M1,0.0,South Africa,bio_istig,year,2030,2030
13,0.0019995929,M1,0.0,South Africa,bio_istig,year,2040,2030
14,0.0009997964,M1,0.0,South Africa,bio_istig,year,2050,2030
15,0.000697215,M1,0.0,South Africa,bio_istig,year,2040,2040
16,0.000697215,M1,0.0,South Africa,bio_istig,year,2050,2040
17,0.00024310382,M1,0.0,South Africa,bio_istig,year,2050,2050
18,0.0,M1,0.0,South Africa,biomass_t_d,year,1990,1990
19,0.0,M1,0.0,South Africa,biomass_t_d,year,1995,1995
20,0.0,M1,0.0,South Africa,biomass_t_d,year,2000,2000
21,0.0,M1,0.0,South Africa,biomass_t_d,year,2005,2005
22,0.0,M1,0.0,South Africa,biomass_t_d,year,2010,2010
23,6.8340497,M1,0.0,South Africa,biomass_t_d,year,2020,2020
24,10.025696,M1,0.0,South Africa,biomass_t_d,year,2030,2030
25,11.240606,M1,0.0,South Africa,biomass_t_d,year,2040,2040
26,14.046961,M1,0.0,South Africa,biomass_t_d,year,2050,2050
27,0.0,M1,0.0,South Africa,biomass_i,year,1995,1995
28,0.0,M1,0.0,South Africa,biomass_i,year,2000,1995
29,0.0,M1,0.0,South Africa,biomass_i,year,2005,1995
30,0.0,M1,0.0,South Africa,biomass_i,year,2010,1995
31,0.0,M1,0.0,South Africa,biomass_i,year,2020,1995
32,0.0,M1,0.0,South Africa,biomass_i,year,2000,2000
33,0.0,M1,0.0,South Africa,biomass_i,year,2005,2000
34,0.0,M1,0.0,South Africa,biomass_i,year,2010,2000
35,0.0,M1,0.0,South Africa,biomass_i,year,2020,2000
36,0.0,M1,0.0,South Africa,biomass_i,year,2005,2005
37,0.0,M1,0.0,South Africa,biomass_i,year,2010,2005
38,0.0,M1,0.0,South Africa,biomass_i,year,2020,2005
39,0.0,M1,0.0,South Africa,biomass_i,year,2030,2005
40,0.0,M1,0.0,South Africa,biomass_i,year,2010,2010
41,0.16881232,M1,0.0,South Africa,biomass_i,year,2020,2010
42,0.16881232,M1,0.0,South Africa,biomass_i,year,2030,2010
43,0.5985165,M1,0.0,South Africa,biomass_i,year,2020,2020
44,0.5985165,M1,0.0,South Africa,biomass_i,year,2030,2020
45,0.0,M1,0.61684024,South Africa,biomass_i,year,2040,2020
46,0.84596705,M1,0.0,South Africa,biomass_i,year,2030,2030
47,0.56842643,M1,0.0,South Africa,biomass_i,year,2040,2030
48,0.28421322,M1,0.0,South Africa,biomass_i,year,2050,2030
49,0.5065117,M1,0.0,South Africa,biomass_i,year,2040,2040
50,0.5065117,M1,0.0,South Africa,biomass_i,year,2050,2040
51,0.48194376,M1,0.0,South Africa,biomass_i,year,2050,2050
52,0.0,M1,0.0,South Africa,biomass_rc,year,1995,1995
53,0.0,M1,0.0,South Africa,biomass_rc,year,2000,2000
54,0.0,M1,0.0,South Africa,biomass_rc,year,2005,2005
55,0.0,M1,0.0,South Africa,biomass_rc,year,2010,2010
56,2.1855278,M1,0.0,South Africa,biomass_rc,year,2020,2020
57,3.281083,M1,0.0,South Africa,biomass_rc,year,2030,2030
58,4.7534175,M1,0.0,South Africa,biomass_rc,year,2040,2040
59,6.6489544,M1,0.0,South Africa,biomass_rc,year,2050,2050
60,0.0,M1,0.0,South Africa,biomass_nc,year,1990,1990
61,0.0,M1,0.0,South Africa,biomass_nc,year,1995,1990
62,0.0,M1,0.0,South Africa,biomass_nc,year,1995,1995
63,0.0,M1,0.0,South Africa,biomass_nc,year,2000,1995
64,0.0,M1,0.0,South Africa,biomass_nc,year,2000,2000
65,0.0,M1,0.0,South Africa,biomass_nc,year,2005,2000
66,0.0,M1,0.0,South Africa,biomass_nc,year,2005,2005
67,0.0,M1,0.0,South Africa,biomass_nc,year,2010,2005
68,0.0,M1,0.0,South Africa,biomass_nc,year,2010,2010
69,0.0,M1,0.0,South Africa,biomass_nc,year,2020,2010
70,0.97288334,M1,0.0,South Africa,biomass_nc,year,2020,2020
71,0.10240877,M1,0.0,South Africa,biomass_nc,year,2030,2030
72,0.051204383,M1,0.0,South Africa,biomass_nc,year,2040,2040
73,0.04096351,M1,0.0,South Africa,biomass_nc,year,2050,2050
74,0.0,M1,0.0,South Africa,coal_extr,year,1990,1990
75,0.0,M1,0.0,South Africa,coal_extr,year,1995,1990
76,0.0,M1,0.0,South Africa,coal_extr,year,1995,1995
77,0.0,M1,0.0,South Africa,coal_extr,year,2000,1995
78,0.0,M1,0.0,South Africa,coal_extr,year,2000,2000
79,0.0,M1,0.0,South Africa,coal_extr,year,2005,2000
80,0.0,M1,0.0,South Africa,coal_extr,year,2005,2005
81,0.0,M1,0.0,South Africa,coal_extr,year,2010,2005
82,0.0,M1,0.0,South Africa,coal_extr,year,2010,2010
83,51.55226,M1,0.0,South Africa,coal_extr,year,2020,2010
84,112.185165,M1,0.0,South Africa,coal_extr,year,2020,2020
85,184.6167,M1,0.0,South Africa,coal_extr,year,2030,2030
86,215.72113,M1,0.0,South Africa,coal_extr,year,2040,2040
87,258.0114,M1,0.0,South Africa,coal_extr,year,2050,2050
88,0.0,M1,0.0,South Africa,coal_bal,year,1990,1990
89,0.0,M1,0.0,South Africa,coal_bal,year,1995,1995
90,0.0,M1,0.0,South Africa,coal_bal,year,2000,2000
91,0.0,M1,0.0,South Africa,coal_bal,year,2005,2005
92,0.0,M1,0.0,South Africa,coal_bal,year,2010,2010
93,91.950005,M1,0.0,South Africa,coal_bal,year,2020,2020
94,125.29741,M1,0.0,South Africa,coal_bal,year,2030,2030
95,178.6282,M1,0.0,South Africa,coal_bal,year,2040,2040
96,227.70378,M1,0.0,South Africa,coal_bal,year,2050,2050
97,0.0,M1,0.0,South Africa,coal_adv,year,2010,2010
98,0.0,M1,0.0,South Africa,coal_adv,year,2020,2010
99,0.0,M1,0.0,South Africa,coal_adv,year,2030,2010
100,0.0,M1,0.0,South Africa,coal_adv,year,2040,2010
101,0.0,M1,0.0,South Africa,coal_adv,year,2020,2020
102,0.0,M1,0.0,South Africa,coal_adv,year,2030,2020
103,0.0,M1,0.0,South Africa,coal_adv,year,2040,2020
104,0.0,M1,0.0,South Africa,coal_adv,year,2030,2030
105,0.0,M1,0.0,South Africa,coal_adv,year,2040,2030
106,0.0,M1,0.0,South Africa,coal_adv,year,2050,2030
107,0.0,M1,0.0,South Africa,coal_adv,year,2040,2040
108,0.0,M1,0.0,South Africa,coal_adv,year,2050,2040
109,3.038586,M1,0.0,South Africa,coal_adv,year,2050,2050
110,0.0,M1,0.0,South Africa,coal_adv_ccs,year,2020,2020
111,0.0,M1,0.0,South Africa,coal_adv_ccs,year,2030,2020
112,0.0,M1,0.0,South Africa,coal_adv_ccs,year,2040,2020
113,0.0,M1,36.490845,South Africa,coal_adv_ccs,year,2030,2030
114,0.0,M1,0.0,South Africa,coal_adv_ccs,year,2040,2030
115,0.0,M1,0.0,South Africa,coal_adv_ccs,year,2050,2030
116,0.0,M1,0.0,South Africa,coal_adv_ccs,year,2040,2040
117,0.0,M1,0.0,South Africa,coal_adv_ccs,year,2050,2040
118,0.0,M1,0.0,South Africa,coal_adv_ccs,year,2050,2050
119,0.0,M1,0.0,South Africa,coal_ppl,year,1995,1970
120,0.0,M1,0.0,South Africa,coal_ppl,year,1995,1975
121,0.0,M1,0.0,South Africa,coal_ppl,year,2000,1975
122,0.0,M1,0.0,South Africa,coal_ppl,year,1995,1980
123,0.0,M1,0.0,South Africa,coal_ppl,year,2000,1980
124,0.0,M1,0.0,South Africa,coal_ppl,year,2005,1980
125,0.0,M1,0.0,South Africa,coal_ppl,year,1995,1985
126,0.0,M1,0.0,South Africa,coal_ppl,year,2000,1985
127,0.0,M1,0.0,South Africa,coal_ppl,year,2005,1985
128,0.0,M1,0.0,South Africa,coal_ppl,year,2010,1985
129,0.0,M1,0.0,South Africa,coal_ppl,year,1995,1990
130,0.0,M1,0.0,South Africa,coal_ppl,year,2000,1990
131,0.0,M1,0.0,South Africa,coal_ppl,year,2005,1990
132,0.0,M1,0.0,South Africa,coal_ppl,year,2010,1990
133,0.0,M1,0.0,South Africa,coal_ppl,year,2020,1990
134,0.0,M1,0.0,South Africa,coal_ppl,year,1995,1995
135,0.0,M1,0.0,South Africa,coal_ppl,year,2000,1995
136,0.0,M1,0.0,South Africa,coal_ppl,year,2005,1995
137,0.0,M1,0.0,South Africa,coal_ppl,year,2010,1995
138,1.6966001,M1,0.0,South Africa,coal_ppl,year,2020,1995
139,0.0,M1,0.0,South Africa,coal_ppl,year,2000,2000
140,0.0,M1,0.0,South Africa,coal_ppl,year,2005,2000
141,0.0,M1,0.0,South Africa,coal_ppl,year,2010,2000
142,1.81815,M1,0.0,South Africa,coal_ppl,year,2020,2000
143,0.909075,M1,0.0,South Africa,coal_ppl,year,2030,2000
144,0.0,M1,0.0,South Africa,coal_ppl,year,2005,2005
145,0.0,M1,0.0,South Africa,coal_ppl,year,2010,2005
146,0.014875,M1,0.0,South Africa,coal_ppl,year,2020,2005
147,0.014875,M1,0.0,South Africa,coal_ppl,year,2030,2005
148,0.0,M1,0.0,South Africa,coal_ppl,year,2010,2010
149,0.0,M1,0.0,South Africa,coal_ppl,year,2020,2010
150,0.0,M1,0.0,South Africa,coal_ppl,year,2030,2010
151,0.0,M1,0.0,South Africa,coal_ppl,year,2040,2010
152,23.934729,M1,0.0,South Africa,coal_ppl,year,2020,2020
153,23.934729,M1,0.0,South Africa,coal_ppl,year,2030,2020
154,23.934729,M1,0.0,South Africa,coal_ppl,year,2040,2020
155,12.084428,M1,0.0,South Africa,coal_ppl,year,2030,2030
156,12.084428,M1,0.0,South Africa,coal_ppl,year,2040,2030
157,12.084428,M1,0.0,South Africa,coal_ppl,year,2050,2030
158,15.371414,M1,0.0,South Africa,coal_ppl,year,2040,2040
159,15.371414,M1,0.0,South Africa,coal_ppl,year,2050,2040
160,25.5,M1,0.0,South Africa,coal_ppl,year,2050,2050
161,0.0,M1,0.0,South Africa,igcc,year,2010,2010
162,0.0,M1,0.0,South Africa,igcc,year,2020,2010
163,0.0,M1,0.0,South Africa,igcc,year,2030,2010
164,0.0,M1,0.0,South Africa,igcc,year,2040,2010
165,0.60448456,M1,0.0,South Africa,igcc,year,2020,2020
166,0.60448456,M1,0.0,South Africa,igcc,year,2030,2020
167,0.60448456,M1,0.0,South Africa,igcc,year,2040,2020
168,0.35965335,M1,0.0,South Africa,igcc,year,2030,2030
169,0.35965335,M1,0.0,South Africa,igcc,year,2040,2030
170,0.35965335,M1,0.0,South Africa,igcc,year,2050,2030
171,0.7453331,M1,0.0,South Africa,igcc,year,2040,2040
172,0.7453331,M1,0.0,South Africa,igcc,year,2050,2040
173,5.980539,M1,0.0,South Africa,igcc,year,2050,2050
174,0.0,M1,0.0,South Africa,igcc_ccs,year,2020,2020
175,0.0,M1,0.0,South Africa,igcc_ccs,year,2030,2020
176,0.0,M1,0.0,South Africa,igcc_ccs,year,2040,2020
177,0.0,M1,34.03209,South Africa,igcc_ccs,year,2030,2030
178,0.0,M1,0.0,South Africa,igcc_ccs,year,2040,2030
179,0.0,M1,0.0,South Africa,igcc_ccs,year,2050,2030
180,0.0,M1,0.0,South Africa,igcc_ccs,year,2040,2040
181,0.0,M1,0.0,South Africa,igcc_ccs,year,2050,2040
182,0.0,M1,0.0,South Africa,igcc_ccs,year,2050,2050
183,0.0,M1,0.0,South Africa,coal_t_d,year,1990,1990
184,0.0,M1,0.0,South Africa,coal_t_d,year,1995,1995
185,0.0,M1,0.0,South Africa,coal_t_d,year,2000,2000
186,0.0,M1,0.0,South Africa,coal_t_d,year,2005,2005
187,0.0,M1,0.0,South Africa,coal_t_d,year,2010,2010
188,18.598064,M1,0.0,South Africa,coal_t_d,year,2020,2020
189,26.709177,M1,0.0,South Africa,coal_t_d,year,2030,2030
190,39.463715,M1,0.0,South Africa,coal_t_d,year,2040,2040
191,60.09277,M1,0.0,South Africa,coal_t_d,year,2050,2050
192,0.0,M1,0.0,South Africa,coal_fs,year,1990,1990
193,0.0,M1,0.0,South Africa,coal_fs,year,1995,1995
194,0.0,M1,0.0,South Africa,coal_fs,year,2000,2000
195,0.0,M1,0.0,South Africa,coal_fs,year,2005,2005
196,0.0,M1,0.0,South Africa,coal_fs,year,2010,2010
197,2.3529842,M1,0.0,South Africa,coal_fs,year,2020,2020
198,2.8,M1,0.0,South Africa,coal_fs,year,2030,2030
199,3.0,M1,0.0,South Africa,coal_fs,year,2040,2040
200,3.4,M1,0.0,South Africa,coal_fs,year,2050,2050
201,0.0,M1,0.0,South Africa,coal_i,year,1990,1990
202,0.0,M1,0.0,South Africa,coal_i,year,1995,1990
203,0.0,M1,0.0,South Africa,coal_i,year,2000,1990
204,0.0,M1,0.0,South Africa,coal_i,year,2005,1990
205,0.0,M1,0.0,South Africa,coal_i,year,2010,1990
206,0.0,M1,0.0,South Africa,coal_i,year,1995,1995
207,0.0,M1,0.0,South Africa,coal_i,year,2000,1995
208,0.0,M1,0.0,South Africa,coal_i,year,2005,1995
209,0.0,M1,0.0,South Africa,coal_i,year,2010,1995
210,0.0,M1,0.0,South Africa,coal_i,year,2020,1995
211,0.0,M1,0.0,South Africa,coal_i,year,2000,2000
212,0.0,M1,0.0,South Africa,coal_i,year,2005,2000
213,0.0,M1,0.0,South Africa,coal_i,year,2010,2000
214,0.0,M1,0.0,South Africa,coal_i,year,2020,2000
215,0.0,M1,0.0,South Africa,coal_i,year,2005,2005
216,0.0,M1,0.0,South Africa,coal_i,year,2010,2005
217,0.0,M1,0.0,South Africa,coal_i,year,2020,2005
218,0.0,M1,0.0,South Africa,coal_i,year,2030,2005
219,0.0,M1,0.0,South Africa,coal_i,year,2010,2010
220,1.8037374,M1,0.0,South Africa,coal_i,year,2020,2010
221,1.4663485,M1,0.0,South Africa,coal_i,year,2030,2010
222,6.342075,M1,0.0,South Africa,coal_i,year,2020,2020
223,6.342075,M1,0.0,South Africa,coal_i,year,2030,2020
224,3.1710374,M1,0.0,South Africa,coal_i,year,2040,2020
225,6.089141,M1,0.0,South Africa,coal_i,year,2030,2030
226,6.089141,M1,0.0,South Africa,coal_i,year,2040,2030
227,3.0445704,M1,0.0,South Africa,coal_i,year,2050,2030
228,14.006384,M1,0.0,South Africa,coal_i,year,2040,2040
229,14.006384,M1,0.0,South Africa,coal_i,year,2050,2040
230,21.476719,M1,0.0,South Africa,coal_i,year,2050,2050
231,0.0,M1,0.0,South Africa,coal_rc,year,1990,1990
232,0.0,M1,0.0,South Africa,coal_rc,year,1995,1995
233,0.0,M1,0.0,South Africa,coal_rc,year,2000,2000
234,0.0,M1,0.0,South Africa,coal_rc,year,2005,2005
235,0.0,M1,0.0,South Africa,coal_rc,year,2010,2010
236,0.48730183,M1,0.0,South Africa,coal_rc,year,2020,2020
237,0.16991164,M1,0.0,South Africa,coal_rc,year,2030,2030
238,0.059244525,M1,0.0,South Africa,coal_rc,year,2040,2040
239,0.020657288,M1,0.0,South Africa,coal_rc,year,2050,2050
240,0.0,M1,0.0,South Africa,gas_bal,year,1990,1990
241,0.0,M1,0.0,South Africa,gas_bal,year,1995,1995
242,0.0,M1,0.0,South Africa,gas_bal,year,2000,2000
243,0.0,M1,0.0,South Africa,gas_bal,year,2005,2005
244,0.0,M1,0.0,South Africa,gas_bal,year,2010,2010
245,0.0,M1,0.0,South Africa,gas_bal,year,2020,2020
246,0.00059209764,M1,0.0,South Africa,gas_bal,year,2030,2030
247,1.6725293e-05,M1,0.0,South Africa,gas_bal,year,2040,2040
248,0.029391177,M1,0.0,South Africa,gas_bal,year,2050,2050
249,0.0,M1,0.0,South Africa,gas_cc,year,1995,1995
250,0.0,M1,0.0,South Africa,gas_cc,year,2000,1995
251,0.0,M1,0.0,South Africa,gas_cc,year,2005,1995
252,0.0,M1,0.0,South Africa,gas_cc,year,2010,1995
253,0.0,M1,0.0,South Africa,gas_cc,year,2020,1995
254,0.0,M1,0.0,South Africa,gas_cc,year,2000,2000
255,0.0,M1,0.0,South Africa,gas_cc,year,2005,2000
256,0.0,M1,0.0,South Africa,gas_cc,year,2010,2000
257,0.0,M1,0.0,South Africa,gas_cc,year,2020,2000
258,0.0,M1,1.7490776,South Africa,gas_cc,year,2030,2000
259,0.0,M1,0.0,South Africa,gas_cc,year,2005,2005
260,0.0,M1,0.0,South Africa,gas_cc,year,2010,2005
261,0.0,M1,0.0,South Africa,gas_cc,year,2020,2005
262,0.0,M1,1.7490776,South Africa,gas_cc,year,2030,2005
263,0.0,M1,0.0,South Africa,gas_cc,year,2010,2010
264,0.0,M1,0.0,South Africa,gas_cc,year,2020,2010
265,0.0,M1,1.7490776,South Africa,gas_cc,year,2030,2010
266,0.0,M1,14.698661,South Africa,gas_cc,year,2040,2010
267,0.2718843,M1,0.0,South Africa,gas_cc,year,2020,2020
268,0.03198639,M1,0.0,South Africa,gas_cc,year,2030,2020
269,0.03198639,M1,0.0,South Africa,gas_cc,year,2040,2020
270,0.06281381,M1,0.0,South Africa,gas_cc,year,2030,2030
271,0.06281381,M1,0.0,South Africa,gas_cc,year,2040,2030
272,0.06281381,M1,0.0,South Africa,gas_cc,year,2050,2030
273,0.02190182,M1,0.0,South Africa,gas_cc,year,2040,2040
274,0.02190182,M1,0.0,South Africa,gas_cc,year,2050,2040
275,0.0076366924,M1,0.0,South Africa,gas_cc,year,2050,2050
276,0.0,M1,0.6868514,South Africa,gas_cc_ccs,year,2020,2020
277,0.0,M1,21.087704,South Africa,gas_cc_ccs,year,2030,2020
278,0.0,M1,20.039629,South Africa,gas_cc_ccs,year,2040,2020
279,0.0,M1,21.087704,South Africa,gas_cc_ccs,year,2030,2030
280,0.0,M1,20.039629,South Africa,gas_cc_ccs,year,2040,2030
281,0.0,M1,14.994469,South Africa,gas_cc_ccs,year,2050,2030
282,0.0,M1,20.039629,South Africa,gas_cc_ccs,year,2040,2040
283,0.0,M1,14.994469,South Africa,gas_cc_ccs,year,2050,2040
284,0.0,M1,14.994469,South Africa,gas_cc_ccs,year,2050,2050
285,0.0,M1,0.0,South Africa,gas_ct,year,1990,1990
286,0.0,M1,0.0,South Africa,gas_ct,year,1995,1990
287,0.0,M1,0.0,South Africa,gas_ct,year,2000,1990
288,0.0,M1,0.0,South Africa,gas_ct,year,2005,1990
289,0.0,M1,0.0,South Africa,gas_ct,year,2010,1990
290,0.0,M1,15.246326,South Africa,gas_ct,year,2020,1990
291,0.0,M1,0.0,South Africa,gas_ct,year,1995,1995
292,0.0,M1,0.0,South Africa,gas_ct,year,2000,1995
293,0.0,M1,0.0,South Africa,gas_ct,year,2005,1995
294,0.0,M1,0.0,South Africa,gas_ct,year,2010,1995
295,0.0,M1,15.246326,South Africa,gas_ct,year,2020,1995
296,0.0,M1,0.0,South Africa,gas_ct,year,2000,2000
297,0.0,M1,0.0,South Africa,gas_ct,year,2005,2000
298,0.0,M1,0.0,South Africa,gas_ct,year,2010,2000
299,0.0,M1,15.246326,South Africa,gas_ct,year,2020,2000
300,0.0,M1,32.608692,South Africa,gas_ct,year,2030,2000
301,0.0,M1,0.0,South Africa,gas_ct,year,2005,2005
302,0.0,M1,0.0,South Africa,gas_ct,year,2010,2005
303,0.0,M1,15.246326,South Africa,gas_ct,year,2020,2005
304,0.0,M1,32.608692,South Africa,gas_ct,year,2030,2005
305,0.0,M1,0.0,South Africa,gas_ct,year,2010,2010
306,0.0,M1,15.246326,South Africa,gas_ct,year,2020,2010
307,0.0,M1,32.608692,South Africa,gas_ct,year,2030,2010
308,0.0,M1,27.516989,South Africa,gas_ct,year,2040,2010
309,0.0,M1,0.0,South Africa,gas_ct,year,2020,2020
310,0.0,M1,0.0,South Africa,gas_ct,year,2030,2020
311,0.0,M1,19.441732,South Africa,gas_ct,year,2040,2020
312,1.0928712,M1,0.0,South Africa,gas_ct,year,2030,2030
313,1.0928712,M1,0.0,South Africa,gas_ct,year,2040,2030
314,1.0928712,M1,0.0,South Africa,gas_ct,year,2050,2030
315,0.57482654,M1,0.0,South Africa,gas_ct,year,2040,2040
316,0.57482654,M1,0.0,South Africa,gas_ct,year,2050,2040
317,0.96903694,M1,0.0,South Africa,gas_ct,year,2050,2050
318,0.0,M1,0.0,South Africa,gas_ppl,year,1990,1980
319,0.0,M1,0.0,South Africa,gas_ppl,year,1995,1980
320,0.0,M1,0.0,South Africa,gas_ppl,year,2000,1980
321,0.0,M1,0.0,South Africa,gas_ppl,year,2005,1980
322,0.0,M1,0.0,South Africa,gas_ppl,year,1990,1985
323,0.0,M1,0.0,South Africa,gas_ppl,year,1995,1985
324,0.0,M1,0.0,South Africa,gas_ppl,year,2000,1985
325,0.0,M1,0.0,South Africa,gas_ppl,year,2005,1985
326,0.0,M1,0.0,South Africa,gas_ppl,year,2010,1985
327,0.0,M1,0.0,South Africa,gas_ppl,year,1990,1990
328,0.0,M1,0.0,South Africa,gas_ppl,year,1995,1990
329,0.0,M1,0.0,South Africa,gas_ppl,year,2000,1990
330,0.0,M1,0.0,South Africa,gas_ppl,year,2005,1990
331,0.0,M1,0.0,South Africa,gas_ppl,year,2010,1990
332,0.0,M1,0.0,South Africa,gas_ppl,year,2020,1990
333,0.0,M1,0.0,South Africa,gas_ppl,year,1995,1995
334,0.0,M1,0.0,South Africa,gas_ppl,year,2000,1995
335,0.0,M1,0.0,South Africa,gas_ppl,year,2005,1995
336,0.0,M1,0.0,South Africa,gas_ppl,year,2010,1995
337,0.0,M1,15.246326,South Africa,gas_ppl,year,2020,1995
338,0.0,M1,0.0,South Africa,gas_ppl,year,2000,2000
339,0.0,M1,0.0,South Africa,gas_ppl,year,2005,2000
340,0.0,M1,0.0,South Africa,gas_ppl,year,2010,2000
341,0.0,M1,15.246326,South Africa,gas_ppl,year,2020,2000
342,0.0,M1,32.608692,South Africa,gas_ppl,year,2030,2000
343,0.0,M1,0.0,South Africa,gas_ppl,year,2005,2005
344,0.0,M1,0.0,South Africa,gas_ppl,year,2010,2005
345,0.0,M1,0.0,South Africa,gas_ppl,year,2020,2005
346,0.0,M1,0.0,South Africa,gas_ppl,year,2030,2005
347,0.0,M1,0.0,South Africa,gas_ppl,year,2010,2010
348,0.0,M1,0.0,South Africa,gas_ppl,year,2020,2010
349,0.0,M1,0.0,South Africa,gas_ppl,year,2030,2010
350,0.0,M1,0.0,South Africa,gas_ppl,year,2040,2010
351,0.0,M1,0.0,South Africa,gas_ppl,year,2020,2020
352,0.0,M1,0.0,South Africa,gas_ppl,year,2030,2020
353,0.0,M1,2.4131086,South Africa,gas_ppl,year,2040,2020
354,0.010290881,M1,0.0,South Africa,gas_ppl,year,2030,2030
355,0.010290881,M1,0.0,South Africa,gas_ppl,year,2040,2030
356,0.010290881,M1,0.0,South Africa,gas_ppl,year,2050,2030
357,0.0035882082,M1,0.0,South Africa,gas_ppl,year,2040,2040
358,0.0035882082,M1,0.0,South Africa,gas_ppl,year,2050,2040
359,0.0012511308,M1,0.0,South Africa,gas_ppl,year,2050,2050
360,0.0,M1,0.0,South Africa,gas_t_d,year,1990,1990
361,0.0,M1,0.0,South Africa,gas_t_d,year,1995,1990
362,0.0,M1,0.0,South Africa,gas_t_d,year,2000,1990
363,0.0,M1,0.0,South Africa,gas_t_d,year,2005,1990
364,0.0,M1,0.0,South Africa,gas_t_d,year,2010,1990
365,0.0,M1,0.0,South Africa,gas_t_d,year,2020,1990
366,0.0,M1,0.0,South Africa,gas_t_d,year,2030,1990
367,0.0,M1,0.0,South Africa,gas_t_d,year,1995,1995
368,0.0,M1,0.0,South Africa,gas_t_d,year,2000,1995
369,0.0,M1,0.0,South Africa,gas_t_d,year,2005,1995
370,0.0,M1,0.0,South Africa,gas_t_d,year,2010,1995
371,0.0,M1,0.0,South Africa,gas_t_d,year,2020,1995
372,0.0,M1,0.0,South Africa,gas_t_d,year,2030,1995
373,0.0,M1,0.0,South Africa,gas_t_d,year,2000,2000
374,0.0,M1,0.0,South Africa,gas_t_d,year,2005,2000
375,0.0,M1,0.0,South Africa,gas_t_d,year,2010,2000
376,0.0,M1,0.0,South Africa,gas_t_d,year,2020,2000
377,0.0,M1,0.0,South Africa,gas_t_d,year,2030,2000
378,0.0,M1,0.0,South Africa,gas_t_d,year,2040,2000
379,0.0,M1,0.0,South Africa,gas_t_d,year,2005,2005
380,0.0,M1,0.0,South Africa,gas_t_d,year,2010,2005
381,0.0,M1,0.0,South Africa,gas_t_d,year,2020,2005
382,0.0,M1,0.0,South Africa,gas_t_d,year,2030,2005
383,0.0,M1,0.0,South Africa,gas_t_d,year,2040,2005
384,0.0,M1,0.0,South Africa,gas_t_d,year,2010,2010
385,0.0,M1,0.0,South Africa,gas_t_d,year,2020,2010
386,0.0,M1,0.0,South Africa,gas_t_d,year,2030,2010
387,0.0,M1,0.0,South Africa,gas_t_d,year,2040,2010
388,0.0,M1,0.0,South Africa,gas_t_d,year,2050,2010
389,1.7455031,M1,0.0,South Africa,gas_t_d,year,2020,2020
390,1.0003365,M1,0.0,South Africa,gas_t_d,year,2030,2020
391,0.57481575,M1,0.0,South Africa,gas_t_d,year,2040,2020
392,0.57481575,M1,0.0,South Africa,gas_t_d,year,2050,2020
393,0.0,M1,5.344261,South Africa,gas_t_d,year,2030,2030
394,0.0,M1,0.0,South Africa,gas_t_d,year,2040,2030
395,0.0,M1,0.0,South Africa,gas_t_d,year,2050,2030
396,0.0,M1,2.6597855,South Africa,gas_t_d,year,2040,2040
397,0.0,M1,0.0,South Africa,gas_t_d,year,2050,2040
398,0.34441298,M1,0.0,South Africa,gas_t_d,year,2050,2050
399,0.0,M1,0.0,South Africa,gas_fs,year,1995,1995
400,0.0,M1,0.0,South Africa,gas_fs,year,2000,2000
401,0.0,M1,0.0,South Africa,gas_fs,year,2005,2005
402,0.0,M1,0.0,South Africa,gas_fs,year,2010,2010
403,0.0,M1,57.67881,South Africa,gas_fs,year,2020,2020
404,0.0,M1,0.0,South Africa,gas_fs,year,2030,2030
405,0.0,M1,11.965631,South Africa,gas_fs,year,2040,2040
406,0.5882315,M1,0.0,South Africa,gas_fs,year,2050,2050
407,0.0,M1,0.0,South Africa,gas_i,year,1990,1990
408,0.0,M1,0.0,South Africa,gas_i,year,1995,1990
409,0.0,M1,0.0,South Africa,gas_i,year,2000,1990
410,0.0,M1,0.0,South Africa,gas_i,year,2005,1990
411,0.0,M1,0.0,South Africa,gas_i,year,2010,1990
412,0.0,M1,0.0,South Africa,gas_i,year,1995,1995
413,0.0,M1,0.0,South Africa,gas_i,year,2000,1995
414,0.0,M1,0.0,South Africa,gas_i,year,2005,1995
415,0.0,M1,0.0,South Africa,gas_i,year,2010,1995
416,0.0,M1,0.0,South Africa,gas_i,year,2020,1995
417,0.0,M1,0.0,South Africa,gas_i,year,2000,2000
418,0.0,M1,0.0,South Africa,gas_i,year,2005,2000
419,0.0,M1,0.0,South Africa,gas_i,year,2010,2000
420,0.0,M1,0.0,South Africa,gas_i,year,2020,2000
421,0.0,M1,0.0,South Africa,gas_i,year,2005,2005
422,0.0,M1,0.0,South Africa,gas_i,year,2010,2005
423,0.0,M1,0.0,South Africa,gas_i,year,2020,2005
424,0.0,M1,0.0,South Africa,gas_i,year,2030,2005
425,0.0,M1,0.0,South Africa,gas_i,year,2010,2010
426,0.59170264,M1,0.0,South Africa,gas_i,year,2020,2010
427,0.0,M1,3.1974423e-14,South Africa,gas_i,year,2030,2010
428,0.6406776,M1,0.0,South Africa,gas_i,year,2020,2020
429,0.6406776,M1,0.0,South Africa,gas_i,year,2030,2020
430,0.0,M1,-3.375078e-14,South Africa,gas_i,year,2040,2020
431,0.09719399,M1,0.0,South Africa,gas_i,year,2030,2030
432,0.09719399,M1,0.0,South Africa,gas_i,year,2040,2030
433,0.0,M1,0.0,South Africa,gas_i,year,2050,2030
434,0.34459695,M1,0.0,South Africa,gas_i,year,2040,2040
435,0.058193635,M1,0.0,South Africa,gas_i,year,2050,2040
436,0.20632294,M1,0.0,South Africa,gas_i,year,2050,2050
437,0.0,M1,0.0,South Africa,gas_rc,year,1990,1990
438,0.0,M1,0.0,South Africa,gas_rc,year,1995,1995
439,0.0,M1,0.0,South Africa,gas_rc,year,2000,2000
440,0.0,M1,0.0,South Africa,gas_rc,year,2005,2005
441,0.0,M1,0.0,South Africa,gas_rc,year,2010,2010
442,0.0066342717,M1,0.0,South Africa,gas_rc,year,2020,2020
443,0.0023132274,M1,0.0,South Africa,gas_rc,year,2030,2030
444,0.00080657256,M1,0.0,South Africa,gas_rc,year,2040,2040
445,0.00028123445,M1,0.0,South Africa,gas_rc,year,2050,2050
446,0.0,M1,0.0,South Africa,gas_trp,year,1995,1995
447,0.0,M1,0.0,South Africa,gas_trp,year,2000,2000
448,0.0,M1,0.0,South Africa,gas_trp,year,2005,2005
449,0.0,M1,0.0,South Africa,gas_trp,year,2010,2010
450,0.0,M1,53.260025,South Africa,gas_trp,year,2020,2020
451,0.0,M1,27.49975,South Africa,gas_trp,year,2030,2030
452,0.0,M1,16.800835,South Africa,gas_trp,year,2040,2040
453,0.0,M1,0.0,South Africa,gas_trp,year,2050,2050
454,0.0,M1,0.0,South Africa,oil_bal,year,1990,1990
455,0.0,M1,0.0,South Africa,oil_bal,year,1995,1995
456,0.0,M1,0.0,South Africa,oil_bal,year,2000,2000
457,0.0,M1,0.0,South Africa,oil_bal,year,2005,2005
458,0.0,M1,0.0,South Africa,oil_bal,year,2010,2010
459,0.0,M1,0.0,South Africa,oil_bal,year,2020,2020
460,0.00010598519,M1,0.0,South Africa,oil_bal,year,2030,2030
461,2.9938194e-06,M1,0.0,South Africa,oil_bal,year,2040,2040
462,0.0,M1,0.0,South Africa,oil_bal,year,2050,2050
463,0.0,M1,0.0,South Africa,foil_ppl,year,1990,1965
464,0.0,M1,0.0,South Africa,foil_ppl,year,1990,1970
465,0.0,M1,0.0,South Africa,foil_ppl,year,1995,1970
466,0.0,M1,0.0,South Africa,foil_ppl,year,1990,1975
467,0.0,M1,0.0,South Africa,foil_ppl,year,1995,1975
468,0.0,M1,0.0,South Africa,foil_ppl,year,2000,1975
469,0.0,M1,0.0,South Africa,foil_ppl,year,1990,1980
470,0.0,M1,0.0,South Africa,foil_ppl,year,1995,1980
471,0.0,M1,0.0,South Africa,foil_ppl,year,2000,1980
472,0.0,M1,0.0,South Africa,foil_ppl,year,2005,1980
473,0.0,M1,0.0,South Africa,foil_ppl,year,1990,1985
474,0.0,M1,0.0,South Africa,foil_ppl,year,1995,1985
475,0.0,M1,0.0,South Africa,foil_ppl,year,2000,1985
476,0.0,M1,0.0,South Africa,foil_ppl,year,2005,1985
477,0.0,M1,0.0,South Africa,foil_ppl,year,2010,1985
478,0.0,M1,0.0,South Africa,foil_ppl,year,1990,1990
479,0.0,M1,0.0,South Africa,foil_ppl,year,1995,1990
480,0.0,M1,0.0,South Africa,foil_ppl,year,2000,1990
481,0.0,M1,0.0,South Africa,foil_ppl,year,2005,1990
482,0.0,M1,0.0,South Africa,foil_ppl,year,2010,1990
483,0.0,M1,0.0,South Africa,foil_ppl,year,2020,1990
484,0.0,M1,0.0,South Africa,foil_ppl,year,1995,1995
485,0.0,M1,0.0,South Africa,foil_ppl,year,2000,1995
486,0.0,M1,0.0,South Africa,foil_ppl,year,2005,1995
487,0.0,M1,0.0,South Africa,foil_ppl,year,2010,1995
488,0.0,M1,0.0,South Africa,foil_ppl,year,2020,1995
489,0.0,M1,0.0,South Africa,foil_ppl,year,2000,2000
490,0.0,M1,0.0,South Africa,foil_ppl,year,2005,2000
491,0.0,M1,0.0,South Africa,foil_ppl,year,2010,2000
492,0.00022950002,M1,0.0,South Africa,foil_ppl,year,2020,2000
493,0.0,M1,2.6645353e-15,South Africa,foil_ppl,year,2030,2000
494,0.0,M1,0.0,South Africa,foil_ppl,year,2005,2005
495,0.0,M1,0.0,South Africa,foil_ppl,year,2010,2005
496,0.0,M1,0.0,South Africa,foil_ppl,year,2020,2005
497,0.0,M1,7.371881e-14,South Africa,foil_ppl,year,2030,2005
498,0.0,M1,0.0,South Africa,foil_ppl,year,2010,2010
499,0.057018872,M1,0.0,South Africa,foil_ppl,year,2020,2010
500,0.0067081023,M1,0.0,South Africa,foil_ppl,year,2030,2010
501,0.0,M1,-7.993606e-15,South Africa,foil_ppl,year,2040,2010
502,0.0,M1,0.0,South Africa,foil_ppl,year,2020,2020
503,0.0,M1,0.0,South Africa,foil_ppl,year,2030,2020
504,0.0,M1,6.306067e-14,South Africa,foil_ppl,year,2040,2020
505,0.013253171,M1,0.0,South Africa,foil_ppl,year,2030,2030
506,0.0045332406,M1,0.0,South Africa,foil_ppl,year,2040,2030
507,0.0,M1,-3.5527137e-15,South Africa,foil_ppl,year,2050,2030
508,0.0024268248,M1,0.0,South Africa,foil_ppl,year,2040,2040
509,0.0024268248,M1,0.0,South Africa,foil_ppl,year,2050,2040
510,0.0,M1,-3.5527137e-15,South Africa,foil_ppl,year,2050,2050
511,0.0,M1,0.0,South Africa,foil_t_d,year,1990,1990
512,0.0,M1,0.0,South Africa,foil_t_d,year,1995,1995
513,0.0,M1,0.0,South Africa,foil_t_d,year,2000,2000
514,0.0,M1,0.0,South Africa,foil_t_d,year,2005,2005
515,0.0,M1,0.0,South Africa,foil_t_d,year,2010,2010
516,0.82965547,M1,0.0,South Africa,foil_t_d,year,2020,2020
517,1.025977,M1,0.0,South Africa,foil_t_d,year,2030,2030
518,1.8606039,M1,0.0,South Africa,foil_t_d,year,2040,2040
519,1.0843731,M1,0.0,South Africa,foil_t_d,year,2050,2050
520,0.0,M1,0.0,South Africa,foil_i,year,1990,1990
521,0.0,M1,0.0,South Africa,foil_i,year,1995,1990
522,0.0,M1,0.0,South Africa,foil_i,year,2000,1990
523,0.0,M1,0.0,South Africa,foil_i,year,2005,1990
524,0.0,M1,0.0,South Africa,foil_i,year,2010,1990
525,0.0,M1,0.0,South Africa,foil_i,year,1995,1995
526,0.0,M1,0.0,South Africa,foil_i,year,2000,1995
527,0.0,M1,0.0,South Africa,foil_i,year,2005,1995
528,0.0,M1,0.0,South Africa,foil_i,year,2010,1995
529,0.0,M1,0.0,South Africa,foil_i,year,2020,1995
530,0.0,M1,0.0,South Africa,foil_i,year,2000,2000
531,0.0,M1,0.0,South Africa,foil_i,year,2005,2000
532,0.0,M1,0.0,South Africa,foil_i,year,2010,2000
533,0.0,M1,0.0,South Africa,foil_i,year,2020,2000
534,0.0,M1,0.0,South Africa,foil_i,year,2005,2005
535,0.0,M1,0.0,South Africa,foil_i,year,2010,2005
536,0.0,M1,0.0,South Africa,foil_i,year,2020,2005
537,0.0,M1,0.0,South Africa,foil_i,year,2030,2005
538,0.0,M1,0.0,South Africa,foil_i,year,2010,2010
539,0.000915556,M1,0.0,South Africa,foil_i,year,2020,2010
540,0.0,M1,0.0,South Africa,foil_i,year,2030,2010
541,0.00049002643,M1,0.0,South Africa,foil_i,year,2020,2020
542,0.00018514627,M1,0.0,South Africa,foil_i,year,2030,2020
543,0.0,M1,1.7763568e-15,South Africa,foil_i,year,2040,2020
544,0.0006564279,M1,0.0,South Africa,foil_i,year,2030,2030
545,0.00020218904,M1,0.0,South Africa,foil_i,year,2040,2030
546,0.0,M1,0.0,South Africa,foil_i,year,2050,2030
547,0.00030169246,M1,0.0,South Africa,foil_i,year,2040,2040
548,0.00030169246,M1,0.0,South Africa,foil_i,year,2050,2040
549,0.0,M1,0.0,South Africa,foil_i,year,2050,2050
550,0.0,M1,0.0,South Africa,foil_rc,year,1990,1990
551,0.0,M1,0.0,South Africa,foil_rc,year,1995,1995
552,0.0,M1,0.0,South Africa,foil_rc,year,2000,2000
553,0.0,M1,0.0,South Africa,foil_rc,year,2005,2005
554,0.0,M1,0.0,South Africa,foil_rc,year,2010,2010
555,0.09926487,M1,0.0,South Africa,foil_rc,year,2020,2020
556,0.1840637,M1,0.0,South Africa,foil_rc,year,2030,2030
557,0.06417905,M1,0.0,South Africa,foil_rc,year,2040,2040
558,0.022377849,M1,0.0,South Africa,foil_rc,year,2050,2050
559,0.0,M1,0.0,South Africa,foil_trp,year,1990,1990
560,0.0,M1,0.0,South Africa,foil_trp,year,1995,1995
561,0.0,M1,0.0,South Africa,foil_trp,year,2000,2000
562,0.0,M1,0.0,South Africa,foil_trp,year,2005,2005
563,0.0,M1,0.0,South Africa,foil_trp,year,2010,2010
564,0.6288946,M1,0.0,South Africa,foil_trp,year,2020,2020
565,0.69005966,M1,0.0,South Africa,foil_trp,year,2030,2030
566,1.7529291,M1,0.0,South Africa,foil_trp,year,2040,2040
567,1.0495434,M1,0.0,South Africa,foil_trp,year,2050,2050
568,0.0,M1,0.0,South Africa,loil_ppl,year,1990,1990
569,0.0,M1,0.0,South Africa,loil_ppl,year,1995,1990
570,0.0,M1,0.0,South Africa,loil_ppl,year,2000,1990
571,0.0,M1,0.0,South Africa,loil_ppl,year,2005,1990
572,0.0,M1,0.0,South Africa,loil_ppl,year,2010,1990
573,0.0,M1,0.0,South Africa,loil_ppl,year,2020,1990
574,0.0,M1,0.0,South Africa,loil_ppl,year,1995,1995
575,0.0,M1,0.0,South Africa,loil_ppl,year,2000,1995
576,0.0,M1,0.0,South Africa,loil_ppl,year,2005,1995
577,0.0,M1,0.0,South Africa,loil_ppl,year,2010,1995
578,0.0,M1,0.0,South Africa,loil_ppl,year,2020,1995
579,0.0,M1,0.0,South Africa,loil_ppl,year,2000,2000
580,0.0,M1,0.0,South Africa,loil_ppl,year,2005,2000
581,0.0,M1,0.0,South Africa,loil_ppl,year,2010,2000
582,0.0,M1,0.0,South Africa,loil_ppl,year,2020,2000
583,0.0,M1,8.980244,South Africa,loil_ppl,year,2030,2000
584,0.0,M1,0.0,South Africa,loil_ppl,year,2005,2005
585,0.0,M1,0.0,South Africa,loil_ppl,year,2010,2005
586,0.0,M1,0.0,South Africa,loil_ppl,year,2020,2005
587,0.0,M1,0.0,South Africa,loil_ppl,year,2030,2005
588,0.0,M1,0.0,South Africa,loil_ppl,year,2010,2010
589,0.007841284,M1,0.0,South Africa,loil_ppl,year,2020,2010
590,0.0012063516,M1,0.0,South Africa,loil_ppl,year,2030,2010
591,0.0,M1,-2.6645353e-15,South Africa,loil_ppl,year,2040,2010
592,0.0,M1,0.0,South Africa,loil_ppl,year,2020,2020
593,0.0,M1,0.0,South Africa,loil_ppl,year,2030,2020
594,0.0,M1,-9.769963e-15,South Africa,loil_ppl,year,2040,2020
595,0.0015277354,M1,0.0,South Africa,loil_ppl,year,2030,2030
596,0.00095331715,M1,0.0,South Africa,loil_ppl,year,2040,2030
597,0.0,M1,0.0,South Africa,loil_ppl,year,2050,2030
598,0.0,M1,0.0,South Africa,loil_ppl,year,2040,2040
599,0.0,M1,3.5527137e-15,South Africa,loil_ppl,year,2050,2040
600,0.00033240113,M1,0.0,South Africa,loil_ppl,year,2050,2050
601,0.0,M1,0.0,South Africa,loil_t_d,year,1990,1990
602,0.0,M1,0.0,South Africa,loil_t_d,year,1995,1995
603,0.0,M1,0.0,South Africa,loil_t_d,year,2000,2000
604,0.0,M1,0.0,South Africa,loil_t_d,year,2005,2005
605,0.0,M1,0.0,South Africa,loil_t_d,year,2010,2010
606,25.005672,M1,0.0,South Africa,loil_t_d,year,2020,2020
607,33.071526,M1,0.0,South Africa,loil_t_d,year,2030,2030
608,40.55034,M1,0.0,South Africa,loil_t_d,year,2040,2040
609,56.323994,M1,0.0,South Africa,loil_t_d,year,2050,2050
610,0.0,M1,0.0,South Africa,loil_fs,year,1990,1990
611,0.0,M1,0.0,South Africa,loil_fs,year,1995,1995
612,0.0,M1,0.0,South Africa,loil_fs,year,2000,2000
613,0.0,M1,0.0,South Africa,loil_fs,year,2005,2005
614,0.0,M1,0.0,South Africa,loil_fs,year,2010,2010
615,4.046947,M1,0.0,South Africa,loil_fs,year,2020,2020
616,7.2209444,M1,0.0,South Africa,loil_fs,year,2030,2030
617,12.157731,M1,0.0,South Africa,loil_fs,year,2040,2040
618,20.432558,M1,0.0,South Africa,loil_fs,year,2050,2050
619,0.0,M1,0.0,South Africa,loil_i,year,1990,1990
620,0.0,M1,0.0,South Africa,loil_i,year,1995,1990
621,0.0,M1,0.0,South Africa,loil_i,year,2000,1990
622,0.0,M1,0.0,South Africa,loil_i,year,2005,1990
623,0.0,M1,0.0,South Africa,loil_i,year,2010,1990
624,0.0,M1,0.0,South Africa,loil_i,year,1995,1995
625,0.0,M1,0.0,South Africa,loil_i,year,2000,1995
626,0.0,M1,0.0,South Africa,loil_i,year,2005,1995
627,0.0,M1,0.0,South Africa,loil_i,year,2010,1995
628,0.0,M1,0.0,South Africa,loil_i,year,2020,1995
629,0.0,M1,0.0,South Africa,loil_i,year,2000,2000
630,0.0,M1,0.0,South Africa,loil_i,year,2005,2000
631,0.0,M1,0.0,South Africa,loil_i,year,2010,2000
632,0.0,M1,0.0,South Africa,loil_i,year,2020,2000
633,0.0,M1,0.0,South Africa,loil_i,year,2005,2005
634,0.0,M1,0.0,South Africa,loil_i,year,2010,2005
635,0.0,M1,0.0,South Africa,loil_i,year,2020,2005
636,0.0,M1,0.0,South Africa,loil_i,year,2030,2005
637,0.0,M1,0.0,South Africa,loil_i,year,2010,2010
638,0.24357541,M1,0.0,South Africa,loil_i,year,2020,2010
639,0.0,M1,0.0,South Africa,loil_i,year,2030,2010
640,0.13036716,M1,0.0,South Africa,loil_i,year,2020,2020
641,0.049256522,M1,0.0,South Africa,loil_i,year,2030,2020
642,0.0,M1,-4.440892e-16,South Africa,loil_i,year,2040,2020
643,0.17463672,M1,0.0,South Africa,loil_i,year,2030,2030
644,0.10758115,M1,0.0,South Africa,loil_i,year,2040,2030
645,0.053790577,M1,0.0,South Africa,loil_i,year,2050,2030
646,0.026471995,M1,0.0,South Africa,loil_i,year,2040,2040
647,0.026471995,M1,0.0,South Africa,loil_i,year,2050,2040
648,0.0,M1,-2.6645353e-15,South Africa,loil_i,year,2050,2050
649,0.0,M1,0.0,South Africa,loil_rc,year,1990,1990
650,0.0,M1,0.0,South Africa,loil_rc,year,1995,1995
651,0.0,M1,0.0,South Africa,loil_rc,year,2000,2000
652,0.0,M1,0.0,South Africa,loil_rc,year,2005,2005
653,0.0,M1,0.0,South Africa,loil_rc,year,2010,2010
654,0.168189,M1,0.0,South Africa,loil_rc,year,2020,2020
655,0.5699483,M1,0.0,South Africa,loil_rc,year,2030,2030
656,0.5347124,M1,0.0,South Africa,loil_rc,year,2040,2040
657,0.18644269,M1,0.0,South Africa,loil_rc,year,2050,2050
658,0.0,M1,0.0,South Africa,loil_trp,year,1990,1990
659,0.0,M1,0.0,South Africa,loil_trp,year,1995,1995
660,0.0,M1,0.0,South Africa,loil_trp,year,2000,2000
661,0.0,M1,0.0,South Africa,loil_trp,year,2005,2005
662,0.0,M1,0.0,South Africa,loil_trp,year,2010,2010
663,20.059368,M1,0.0,South Africa,loil_trp,year,2020,2020
664,24.566498,M1,0.0,South Africa,loil_trp,year,2030,2030
665,27.381165,M1,0.0,South Africa,loil_trp,year,2040,2040
666,35.51807,M1,0.0,South Africa,loil_trp,year,2050,2050
667,0.0,M1,0.0,South Africa,elec_t_d,year,1990,1990
668,0.0,M1,0.0,South Africa,elec_t_d,year,1995,1990
669,0.0,M1,0.0,South Africa,elec_t_d,year,2000,1990
670,0.0,M1,0.0,South Africa,elec_t_d,year,2005,1990
671,0.0,M1,0.0,South Africa,elec_t_d,year,2010,1990
672,0.0,M1,0.0,South Africa,elec_t_d,year,2020,1990
673,0.0,M1,0.0,South Africa,elec_t_d,year,2030,1990
674,0.0,M1,0.0,South Africa,elec_t_d,year,2040,1990
675,0.0,M1,0.0,South Africa,elec_t_d,year,2050,1990
676,0.0,M1,0.0,South Africa,elec_t_d,year,1995,1995
677,0.0,M1,0.0,South Africa,elec_t_d,year,2000,1995
678,0.0,M1,0.0,South Africa,elec_t_d,year,2005,1995
679,0.0,M1,0.0,South Africa,elec_t_d,year,2010,1995
680,0.0,M1,0.0,South Africa,elec_t_d,year,2020,1995
681,0.0,M1,0.0,South Africa,elec_t_d,year,2030,1995
682,0.0,M1,0.0,South Africa,elec_t_d,year,2040,1995
683,0.0,M1,0.0,South Africa,elec_t_d,year,2050,1995
684,0.0,M1,0.0,South Africa,elec_t_d,year,2000,2000
685,0.0,M1,0.0,South Africa,elec_t_d,year,2005,2000
686,0.0,M1,0.0,South Africa,elec_t_d,year,2010,2000
687,0.0,M1,0.0,South Africa,elec_t_d,year,2020,2000
688,0.0,M1,0.0,South Africa,elec_t_d,year,2030,2000
689,0.0,M1,0.0,South Africa,elec_t_d,year,2040,2000
690,0.0,M1,0.0,South Africa,elec_t_d,year,2050,2000
691,0.0,M1,0.0,South Africa,elec_t_d,year,2005,2005
692,0.0,M1,0.0,South Africa,elec_t_d,year,2010,2005
693,0.0,M1,0.0,South Africa,elec_t_d,year,2020,2005
694,0.0,M1,0.0,South Africa,elec_t_d,year,2030,2005
695,0.0,M1,0.0,South Africa,elec_t_d,year,2040,2005
696,0.0,M1,0.0,South Africa,elec_t_d,year,2050,2005
697,0.0,M1,0.0,South Africa,elec_t_d,year,2010,2010
698,0.0,M1,0.0,South Africa,elec_t_d,year,2020,2010
699,0.0,M1,0.0,South Africa,elec_t_d,year,2030,2010
700,0.0,M1,0.0,South Africa,elec_t_d,year,2040,2010
701,0.0,M1,0.0,South Africa,elec_t_d,year,2050,2010
702,24.858637,M1,0.0,South Africa,elec_t_d,year,2020,2020
703,24.858637,M1,0.0,South Africa,elec_t_d,year,2030,2020
704,24.858637,M1,0.0,South Africa,elec_t_d,year,2040,2020
705,24.858637,M1,0.0,South Africa,elec_t_d,year,2050,2020
706,7.5644546,M1,0.0,South Africa,elec_t_d,year,2030,2030
707,7.5644546,M1,0.0,South Africa,elec_t_d,year,2040,2030
708,7.5644546,M1,0.0,South Africa,elec_t_d,year,2050,2030
709,11.237703,M1,0.0,South Africa,elec_t_d,year,2040,2040
710,11.237703,M1,0.0,South Africa,elec_t_d,year,2050,2040
711,14.565363,M1,0.0,South Africa,elec_t_d,year,2050,2050
712,0.0,M1,0.0,South Africa,elec_i,year,1990,1990
713,0.0,M1,0.0,South Africa,elec_i,year,1995,1990
714,0.0,M1,0.0,South Africa,elec_i,year,2000,1990
715,0.0,M1,0.0,South Africa,elec_i,year,2005,1990
716,0.0,M1,0.0,South Africa,elec_i,year,1995,1995
717,0.0,M1,0.0,South Africa,elec_i,year,2000,1995
718,0.0,M1,0.0,South Africa,elec_i,year,2005,1995
719,0.0,M1,0.0,South Africa,elec_i,year,2010,1995
720,0.0,M1,0.0,South Africa,elec_i,year,2000,2000
721,0.0,M1,0.0,South Africa,elec_i,year,2005,2000
722,0.0,M1,0.0,South Africa,elec_i,year,2010,2000
723,0.0,M1,136.98111,South Africa,elec_i,year,2020,2000
724,0.0,M1,0.0,South Africa,elec_i,year,2005,2005
725,0.0,M1,0.0,South Africa,elec_i,year,2010,2005
726,0.0,M1,136.98111,South Africa,elec_i,year,2020,2005
727,0.0,M1,0.0,South Africa,elec_i,year,2010,2010
728,0.0,M1,136.98111,South Africa,elec_i,year,2020,2010
729,0.0,M1,50.05378,South Africa,elec_i,year,2030,2010
730,0.0,M1,136.98111,South Africa,elec_i,year,2020,2020
731,0.0,M1,52.302273,South Africa,elec_i,year,2030,2020
732,0.0,M1,50.05378,South Africa,elec_i,year,2030,2030
733,0.0,M1,31.659954,South Africa,elec_i,year,2040,2030
734,0.0,M1,30.279575,South Africa,elec_i,year,2040,2040
735,0.0,M1,21.150717,South Africa,elec_i,year,2050,2040
736,0.0,M1,21.150717,South Africa,elec_i,year,2050,2050
737,0.0,M1,0.0,South Africa,elec_trp,year,1990,1990
738,0.0,M1,0.0,South Africa,elec_trp,year,1995,1995
739,0.0,M1,0.0,South Africa,elec_trp,year,2000,2000
740,0.0,M1,0.0,South Africa,elec_trp,year,2005,2005
741,0.0,M1,0.0,South Africa,elec_trp,year,2010,2010
742,0.74650574,M1,0.0,South Africa,elec_trp,year,2020,2020
743,1.8448738,M1,0.0,South Africa,elec_trp,year,2030,2030
744,3.6339996,M1,0.0,South Africa,elec_trp,year,2040,2040
745,6.548297,M1,0.0,South Africa,elec_trp,year,2050,2050
746,0.0,M1,0.0,South Africa,coal_gas,year,2010,2010
747,0.056852907,M1,0.0,South Africa,coal_gas,year,2020,2010
748,0.056852907,M1,0.0,South Africa,coal_gas,year,2030,2010
749,1.3644695,M1,0.0,South Africa,coal_gas,year,2020,2020
750,1.3644695,M1,0.0,South Africa,coal_gas,year,2030,2020
751,0.68223476,M1,0.0,South Africa,coal_gas,year,2040,2020
752,0.8169583,M1,0.0,South Africa,coal_gas,year,2030,2030
753,0.8169583,M1,0.0,South Africa,coal_gas,year,2040,2030
754,0.40847915,M1,0.0,South Africa,coal_gas,year,2050,2030
755,0.48914313,M1,0.0,South Africa,coal_gas,year,2040,2040
756,0.48914313,M1,0.0,South Africa,coal_gas,year,2050,2040
757,0.29286805,M1,0.0,South Africa,coal_gas,year,2050,2050
758,1.8240247,M1,0.0,South Africa,meth_coal,year,2020,2010
759,1.092111,M1,0.0,South Africa,meth_coal,year,2030,2010
760,0.0,M1,25.524988,South Africa,meth_coal,year,2020,2020
761,0.0,M1,14.95357,South Africa,meth_coal,year,2030,2020
762,0.0,M1,0.0,South Africa,meth_coal,year,2040,2020
763,0.0,M1,14.95357,South Africa,meth_coal,year,2030,2030
764,0.0,M1,6.2636576,South Africa,meth_coal,year,2040,2030
765,0.0,M1,-8.881784e-16,South Africa,meth_coal,year,2050,2030
766,0.6538872,M1,0.0,South Africa,meth_coal,year,2040,2040
767,0.3915064,M1,0.0,South Africa,meth_coal,year,2050,2040
768,0.0,M1,-8.881784e-16,South Africa,meth_coal,year,2050,2050
769,0.0,M1,26.91173,South Africa,meth_coal_ccs,year,2020,2020
770,0.0,M1,15.655826,South Africa,meth_coal_ccs,year,2030,2020
771,0.0,M1,12.692361,South Africa,meth_coal_ccs,year,2040,2020
772,0.0,M1,15.655826,South Africa,meth_coal_ccs,year,2030,2030
773,0.0,M1,8.704598,South Africa,meth_coal_ccs,year,2040,2030
774,0.0,M1,7.804359,South Africa,meth_coal_ccs,year,2050,2030
775,0.0,M1,8.704598,South Africa,meth_coal_ccs,year,2040,2040
776,0.0,M1,7.804359,South Africa,meth_coal_ccs,year,2050,2040
777,0.0,M1,7.804359,South Africa,meth_coal_ccs,year,2050,2050
778,0.0,M1,35.655434,South Africa,syn_liq,year,2020,2020
779,0.0,M1,0.0,South Africa,syn_liq,year,2030,2020
780,0.0,M1,0.0,South Africa,syn_liq,year,2040,2020
781,0.0,M1,0.0,South Africa,syn_liq,year,2030,2030
782,0.0,M1,0.0,South Africa,syn_liq,year,2040,2030
783,0.0,M1,0.0,South Africa,syn_liq,year,2050,2030
784,1.2577893,M1,0.0,South Africa,syn_liq,year,2040,2040
785,1.2577893,M1,0.0,South Africa,syn_liq,year,2050,2040
786,2.0488062,M1,0.0,South Africa,syn_liq,year,2050,2050
787,0.0,M1,0.0,South Africa,syn_liq_ccs,year,2020,2020
788,0.0,M1,0.0,South Africa,syn_liq_ccs,year,2030,2020
789,0.0,M1,0.0,South Africa,syn_liq_ccs,year,2040,2020
790,0.0,M1,15.022979,South Africa,syn_liq_ccs,year,2030,2030
791,0.0,M1,0.0,South Africa,syn_liq_ccs,year,2040,2030
792,0.0,M1,0.0,South Africa,syn_liq_ccs,year,2050,2030
793,0.0,M1,0.0,South Africa,syn_liq_ccs,year,2040,2040
794,0.0,M1,0.0,South Africa,syn_liq_ccs,year,2050,2040
795,1.2577893,M1,0.0,South Africa,syn_liq_ccs,year,2050,2050
796,0.0,M1,0.0,South Africa,gas_bio,year,2010,2010
797,0.0,M1,0.6500873,South Africa,gas_bio,year,2020,2010
798,0.0,M1,0.0,South Africa,gas_bio,year,2030,2010
799,0.0,M1,18.930172,South Africa,gas_bio,year,2020,2020
800,0.0,M1,0.0,South Africa,gas_bio,year,2030,2020
801,0.0,M1,0.0,South Africa,gas_bio,year,2040,2020
802,0.0,M1,0.0,South Africa,gas_bio,year,2030,2030
803,0.0,M1,0.0,South Africa,gas_bio,year,2040,2030
804,0.0,M1,0.0,South Africa,gas_bio,year,2050,2030
805,0.0,M1,0.0,South Africa,gas_bio,year,2040,2040
806,0.0,M1,0.0,South Africa,gas_bio,year,2050,2040
807,0.0,M1,0.0,South Africa,gas_bio,year,2050,2050
808,1.2501227,M1,0.0,South Africa,meth_ng,year,2020,2010
809,0.7484946,M1,0.0,South Africa,meth_ng,year,2030,2010
810,0.0,M1,58.23789,South Africa,meth_ng,year,2020,2020
811,0.0,M1,46.083954,South Africa,meth_ng,year,2030,2020
812,0.0,M1,0.0,South Africa,meth_ng,year,2040,2020
813,0.0,M1,46.083954,South Africa,meth_ng,year,2030,2030
814,0.0,M1,3.2478223,South Africa,meth_ng,year,2040,2030
815,0.0,M1,0.0,South Africa,meth_ng,year,2050,2030
816,0.4481514,M1,0.0,South Africa,meth_ng,year,2040,2040
817,0.2683248,M1,0.0,South Africa,meth_ng,year,2050,2040
818,0.0,M1,0.0,South Africa,meth_ng,year,2050,2050
819,0.0,M1,58.360023,South Africa,meth_ng_ccs,year,2020,2020
820,0.0,M1,46.15348,South Africa,meth_ng_ccs,year,2030,2020
821,0.0,M1,32.082897,South Africa,meth_ng_ccs,year,2040,2020
822,0.0,M1,46.15348,South Africa,meth_ng_ccs,year,2030,2030
823,0.0,M1,29.946596,South Africa,meth_ng_ccs,year,2040,2030
824,0.0,M1,23.527416,South Africa,meth_ng_ccs,year,2050,2030
825,0.0,M1,29.946596,South Africa,meth_ng_ccs,year,2040,2040
826,0.0,M1,23.527416,South Africa,meth_ng_ccs,year,2050,2040
827,0.0,M1,23.527416,South Africa,meth_ng_ccs,year,2050,2050
828,0.0,M1,0.0,South Africa,ref_hil,year,1995,1995
829,0.0,M1,0.0,South Africa,ref_hil,year,2000,1995
830,0.0,M1,0.0,South Africa,ref_hil,year,2005,1995
831,0.0,M1,0.0,South Africa,ref_hil,year,2010,1995
832,0.0,M1,0.0,South Africa,ref_hil,year,2020,1995
833,0.0,M1,0.0,South Africa,ref_hil,year,2000,2000
834,0.0,M1,0.0,South Africa,ref_hil,year,2005,2000
835,0.0,M1,0.0,South Africa,ref_hil,year,2010,2000
836,0.0,M1,0.0,South Africa,ref_hil,year,2020,2000
837,0.0,M1,0.0,South Africa,ref_hil,year,2030,2000
838,0.0,M1,0.0,South Africa,ref_hil,year,2005,2005
839,0.0,M1,0.0,South Africa,ref_hil,year,2010,2005
840,0.0,M1,0.0,South Africa,ref_hil,year,2020,2005
841,0.0,M1,0.0,South Africa,ref_hil,year,2030,2005
842,0.0,M1,0.0,South Africa,ref_hil,year,2010,2010
843,9.228215,M1,0.0,South Africa,ref_hil,year,2020,2010
844,7.879018,M1,0.0,South Africa,ref_hil,year,2030,2010
845,0.0,M1,1.4988011e-15,South Africa,ref_hil,year,2040,2010
846,6.14324,M1,0.0,South Africa,ref_hil,year,2020,2020
847,6.14324,M1,0.0,South Africa,ref_hil,year,2030,2020
848,6.0879474,M1,0.0,South Africa,ref_hil,year,2040,2020
849,6.61637,M1,0.0,South Africa,ref_hil,year,2030,2030
850,6.61637,M1,0.0,South Africa,ref_hil,year,2040,2030
851,6.61637,M1,0.0,South Africa,ref_hil,year,2050,2030
852,3.9614654,M1,0.0,South Africa,ref_hil,year,2040,2040
853,3.9614654,M1,0.0,South Africa,ref_hil,year,2050,2040
854,2.3718755,M1,0.0,South Africa,ref_hil,year,2050,2050
855,0.0,M1,0.0,South Africa,sp_el_I,year,1990,1990
856,0.0,M1,0.0,South Africa,sp_el_I,year,1995,1995
857,0.0,M1,0.0,South Africa,sp_el_I,year,2000,2000
858,0.0,M1,0.0,South Africa,sp_el_I,year,2005,2005
859,0.0,M1,0.0,South Africa,sp_el_I,year,2010,2010
860,11.000074,M1,0.0,South Africa,sp_el_I,year,2020,2020
861,15.640731,M1,0.0,South Africa,sp_el_I,year,2030,2030
862,22.343903,M1,0.0,South Africa,sp_el_I,year,2040,2040
863,30.93771,M1,0.0,South Africa,sp_el_I,year,2050,2050
864,0.0,M1,0.0,South Africa,sp_el_RC,year,1990,1990
865,0.0,M1,0.0,South Africa,sp_el_RC,year,1995,1995
866,0.0,M1,0.0,South Africa,sp_el_RC,year,2000,2000
867,0.0,M1,0.0,South Africa,sp_el_RC,year,2005,2005
868,0.0,M1,0.0,South Africa,sp_el_RC,year,2010,2010
869,4.3360763,M1,0.0,South Africa,sp_el_RC,year,2020,2020
870,5.642839,M1,0.0,South Africa,sp_el_RC,year,2030,2030
871,7.840576,M1,0.0,South Africa,sp_el_RC,year,2040,2040
872,10.988686,M1,0.0,South Africa,sp_el_RC,year,2050,2050
873,0.0,M1,0.0,South Africa,elec_exp,year,2010,2010
874,3.3396165,M1,0.0,South Africa,elec_exp,year,2020,2020
875,6.194557,M1,0.0,South Africa,elec_exp,year,2030,2030
876,10.8449545,M1,0.0,South Africa,elec_exp,year,2040,2040
877,11.895528,M1,0.0,South Africa,elec_exp,year,2050,2050
878,0.0,M1,0.0,South Africa,coal_exp,year,2010,2010
879,55.56095,M1,0.0,South Africa,coal_exp,year,2020,2020
880,45.397343,M1,0.0,South Africa,coal_exp,year,2030,2030
881,37.092934,M1,0.0,South Africa,coal_exp,year,2040,2040
882,30.307627,M1,0.0,South Africa,coal_exp,year,2050,2050
883,0.0,M1,33974.516,South Africa,shale_extr,year,2020,2020
884,0.0,M1,20851.207,South Africa,shale_extr,year,2030,2030
885,0.0,M1,12799.861,South Africa,shale_extr,year,2040,2040
886,0.0,M1,7855.7617,South Africa,shale_extr,year,2050,2050
887,0.0,M1,0.0,South Africa,solar_i,year,2010,2010
888,0.0,M1,0.0,South Africa,solar_i,year,2020,2010
889,0.0,M1,0.0,South Africa,solar_i,year,2020,2020
890,0.0,M1,0.0,South Africa,solar_i,year,2030,2020
891,0.0,M1,0.0,South Africa,solar_i,year,2030,2030
892,0.0,M1,0.0,South Africa,solar_i,year,2040,2030
893,0.0,M1,0.0,South Africa,solar_i,year,2040,2040
894,0.0,M1,0.0,South Africa,solar_i,year,2050,2040
895,0.0,M1,0.0,South Africa,solar_i,year,2050,2050
896,0.0,M1,0.0,South Africa,bio_extr,year,2010,2010
897,14.95691,M1,0.0,South Africa,bio_extr,year,2020,2020
898,10.900006,M1,0.0,South Africa,bio_extr,year,2030,2030
899,11.674599,M1,0.0,South Africa,bio_extr,year,2040,2040
900,14.393567,M1,0.0,South Africa,bio_extr,year,2050,2050
901,0.0,M1,0.0,South Africa,oil_exp,year,2010,2010
902,0.0,M1,2.1978612,South Africa,oil_exp,year,2020,2020
903,0.0,M1,1.3850408,South Africa,oil_exp,year,2030,2030
904,0.0,M1,0.88746655,South Africa,oil_exp,year,2040,2040
905,0.0,M1,0.56674266,South Africa,oil_exp,year,2050,2050
906,0.0,M1,0.0,South Africa,solar_th_ppl_base,year,2010,2010
907,0.0,M1,0.0,South Africa,solar_th_ppl_base,year,2020,2010
908,0.0,M1,0.0,South Africa,solar_th_ppl_base,year,2030,2010
909,0.0,M1,0.0,South Africa,solar_th_ppl_base,year,2040,2010
910,0.0,M1,0.0,South Africa,solar_th_ppl_base,year,2020,2020
911,0.0,M1,0.0,South Africa,solar_th_ppl_base,year,2030,2020
912,0.0,M1,0.0,South Africa,solar_th_ppl_base,year,2040,2020
913,0.0,M1,0.0,South Africa,solar_th_ppl_base,year,2030,2030
914,0.0,M1,0.0,South Africa,solar_th_ppl_base,year,2040,2030
915,0.0,M1,0.0,South Africa,solar_th_ppl_base,year,2050,2030
916,0.0,M1,0.0,South Africa,solar_th_ppl_base,year,2040,2040
917,0.0,M1,0.0,South Africa,solar_th_ppl_base,year,2050,2040
918,0.0,M1,0.0,South Africa,solar_th_ppl_base,year,2050,2050
919,0.0,M1,0.0,South Africa,foil_imp,year,2010,2010
920,0.0,M1,14.965848,South Africa,foil_imp,year,2020,2020
921,0.0,M1,4.2253985,South Africa,foil_imp,year,2030,2030
922,1.0196514,M1,0.0,South Africa,foil_imp,year,2040,2040
923,0.41982967,M1,0.0,South Africa,foil_imp,year,2050,2050
924,0.0,M1,0.0,South Africa,oil_imp,year,2010,2010
925,16.352612,M1,0.0,South Africa,oil_imp,year,2020,2020
926,21.724766,M1,0.0,South Africa,oil_imp,year,2030,2030
927,17.542927,M1,0.0,South Africa,oil_imp,year,2040,2040
928,13.631275,M1,0.0,South Africa,oil_imp,year,2050,2050
929,0.0,M1,0.0,South Africa,hydro_ppl,year,2010,1960
930,0.0,M1,0.0,South Africa,hydro_ppl,year,2020,1960
931,0.0,M1,0.0,South Africa,hydro_ppl,year,2010,1965
932,0.000237,M1,0.0,South Africa,hydro_ppl,year,2020,1965
933,0.0,M1,0.0,South Africa,hydro_ppl,year,2010,1970
934,0.07721352,M1,0.0,South Africa,hydro_ppl,year,2020,1970
935,0.0,M1,0.0,South Africa,hydro_ppl,year,2030,1970
936,0.0,M1,0.0,South Africa,hydro_ppl,year,2010,1975
937,0.0,M1,0.0,South Africa,hydro_ppl,year,2020,1975
938,0.0,M1,0.0,South Africa,hydro_ppl,year,2030,1975
939,0.0,M1,0.0,South Africa,hydro_ppl,year,2010,1980
940,0.0,M1,0.0,South Africa,hydro_ppl,year,2020,1980
941,0.0,M1,0.0,South Africa,hydro_ppl,year,2030,1980
942,0.0012189697,M1,0.0,South Africa,hydro_ppl,year,2040,1980
943,0.0,M1,0.0,South Africa,hydro_ppl,year,2010,1985
944,0.0,M1,0.0,South Africa,hydro_ppl,year,2020,1985
945,0.019427372,M1,0.0,South Africa,hydro_ppl,year,2030,1985
946,0.0,M1,0.0,South Africa,hydro_ppl,year,2040,1985
947,0.0,M1,0.0,South Africa,hydro_ppl,year,2010,2005
948,0.0,M1,0.0,South Africa,hydro_ppl,year,2020,2005
949,0.0015,M1,0.0,South Africa,hydro_ppl,year,2030,2005
950,0.0,M1,0.0,South Africa,hydro_ppl,year,2040,2005
951,0.0,M1,0.0,South Africa,hydro_ppl,year,2050,2005
952,0.0,M1,0.0,South Africa,hydro_ppl,year,2010,2010
953,0.0045065996,M1,0.0,South Africa,hydro_ppl,year,2020,2010
954,0.0045065996,M1,0.0,South Africa,hydro_ppl,year,2030,2010
955,0.0045065996,M1,0.0,South Africa,hydro_ppl,year,2040,2010
956,0.0045065996,M1,0.0,South Africa,hydro_ppl,year,2050,2010
957,0.0031427084,M1,0.0,South Africa,hydro_ppl,year,2020,2020
958,0.0031427084,M1,0.0,South Africa,hydro_ppl,year,2030,2020
959,0.0031427084,M1,0.0,South Africa,hydro_ppl,year,2040,2020
960,0.0031427084,M1,0.0,South Africa,hydro_ppl,year,2050,2020
961,0.0010957946,M1,0.0,South Africa,hydro_ppl,year,2030,2030
962,0.0010957946,M1,0.0,South Africa,hydro_ppl,year,2040,2030
963,0.0010957946,M1,0.0,South Africa,hydro_ppl,year,2050,2030
964,0.00038207998,M1,0.0,South Africa,hydro_ppl,year,2040,2040
965,0.00038207998,M1,0.0,South Africa,hydro_ppl,year,2050,2040
966,0.00013322305,M1,0.0,South Africa,hydro_ppl,year,2050,2050
967,0.0,M1,0.0,South Africa,wind_ppl,year,2010,2000
968,0.0,M1,0.0,South Africa,wind_ppl,year,2020,2000
969,0.0,M1,0.0,South Africa,wind_ppl,year,2030,2000
970,0.0,M1,0.0,South Africa,wind_ppl,year,2010,2005
971,0.0,M1,0.0,South Africa,wind_ppl,year,2020,2005
972,0.0,M1,0.0,South Africa,wind_ppl,year,2030,2005
973,0.0,M1,0.0,South Africa,wind_ppl,year,2010,2010
974,0.0,M1,0.0,South Africa,wind_ppl,year,2020,2010
975,0.045,M1,0.0,South Africa,wind_ppl,year,2030,2010
976,0.0225,M1,0.0,South Africa,wind_ppl,year,2040,2010
977,2.5360227,M1,0.0,South Africa,wind_ppl,year,2020,2020
978,0.52796525,M1,0.0,South Africa,wind_ppl,year,2030,2020
979,1.8252414,M1,0.0,South Africa,wind_ppl,year,2040,2020
980,2.8043675,M1,0.0,South Africa,wind_ppl,year,2030,2030
981,2.8043675,M1,0.0,South Africa,wind_ppl,year,2040,2030
982,2.8043675,M1,0.0,South Africa,wind_ppl,year,2050,2030
983,0.0,M1,0.0,South Africa,wind_ppl,year,2040,2040
984,4.279814,M1,0.0,South Africa,wind_ppl,year,2050,2040
985,2.7357273,M1,0.0,South Africa,wind_ppl,year,2050,2050
986,0.0,M1,0.0,South Africa,loil_exp,year,2010,2010
987,0.94795364,M1,0.0,South Africa,loil_exp,year,2020,2020
988,0.56757486,M1,0.0,South Africa,loil_exp,year,2030,2030
989,0.33982804,M1,0.0,South Africa,loil_exp,year,2040,2040
990,0.20346761,M1,0.0,South Africa,loil_exp,year,2050,2050
991,0.0,M1,0.0,South Africa,solar_rc,year,2000,2000
992,0.0,M1,0.0,South Africa,solar_rc,year,2005,2005
993,0.0,M1,0.0,South Africa,solar_rc,year,2010,2010
994,0.46185306,M1,0.0,South Africa,solar_rc,year,2020,2020
995,0.96460825,M1,0.0,South Africa,solar_rc,year,2030,2030
996,1.6402693,M1,0.0,South Africa,solar_rc,year,2040,2040
997,2.548301,M1,0.0,South Africa,solar_rc,year,2050,2050
998,0.0,M1,0.0,South Africa,foil_exp,year,2010,2010
999,0.0,M1,80.792885,South Africa,foil_exp,year,2020,2020
1000,0.0,M1,54.597065,South Africa,foil_exp,year,2030,2030
1001,0.0,M1,36.118492,South Africa,foil_exp,year,2040,2040
1002,0.0,M1,22.202398,South Africa,foil_exp,year,2050,2050
1003,0.0,M1,0.0,South Africa,loil_imp,year,2010,2010
1004,11.835512,M1,0.0,South Africa,loil_imp,year,2020,2020
1005,14.427604,M1,0.0,South Africa,loil_imp,year,2030,2030
1006,24.25572,M1,0.0,South Africa,loil_imp,year,2040,2040
1007,40.264687,M1,0.0,South Africa,loil_imp,year,2050,2050
1008,0.0,M1,0.0,South Africa,nuc_ppl,year,2010,1985
1009,0.48158225,M1,0.0,South Africa,nuc_ppl,year,2020,1985
1010,0.0,M1,0.0,South Africa,nuc_ppl,year,2010,2010
1011,0.0,M1,0.0,South Africa,nuc_ppl,year,2020,2010
1012,0.0,M1,0.0,South Africa,nuc_ppl,year,2030,2010
1013,0.0,M1,0.0,South Africa,nuc_ppl,year,2040,2010
1014,0.0,M1,0.0,South Africa,nuc_ppl,year,2050,2010
1015,0.0,M1,0.0,South Africa,nuc_ppl,year,2020,2020
1016,0.0,M1,0.0,South Africa,nuc_ppl,year,2030,2020
1017,0.0,M1,0.0,South Africa,nuc_ppl,year,2040,2020
1018,0.0,M1,0.0,South Africa,nuc_ppl,year,2050,2020
1019,0.16791734,M1,0.0,South Africa,nuc_ppl,year,2030,2030
1020,0.17031616,M1,0.0,South Africa,nuc_ppl,year,2040,2030
1021,0.17031616,M1,0.0,South Africa,nuc_ppl,year,2050,2030
1022,0.059385575,M1,0.0,South Africa,nuc_ppl,year,2040,2040
1023,0.059385575,M1,0.0,South Africa,nuc_ppl,year,2050,2040
1024,0.02070647,M1,0.0,South Africa,nuc_ppl,year,2050,2050
1025,0.0,M1,0.0,South Africa,elec_imp,year,2010,2010
1026,1.2886794,M1,0.0,South Africa,elec_imp,year,2020,2020
1027,0.77158,M1,0.0,South Africa,elec_imp,year,2030,2030
1028,0.46197343,M1,0.0,South Africa,elec_imp,year,2040,2040
1029,0.27660054,M1,0.0,South Africa,elec_imp,year,2050,2050
1030,0.0,M1,0.0,South Africa,gas_exp,year,2010,2010
1031,0.0,M1,10.062536,South Africa,gas_exp,year,2020,2020
1032,0.0,M1,7.1296287,South Africa,gas_exp,year,2030,2030
1033,0.0,M1,5.3529296,South Africa,gas_exp,year,2040,2040
1034,0.0,M1,0.0,South Africa,gas_exp,year,2050,2050
1035,0.0,M1,0.0,South Africa,gas_extr,year,2010,2010
1036,0.017467538,M1,0.0,South Africa,gas_extr,year,2020,2010
1037,0.0,M1,9.372507,South Africa,gas_extr,year,2020,2020
1038,0.00059209764,M1,0.0,South Africa,gas_extr,year,2030,2030
1039,1.6725293e-05,M1,0.0,South Africa,gas_extr,year,2040,2040
1040,0.029391177,M1,0.0,South Africa,gas_extr,year,2050,2050
1041,0.0,M1,0.0,South Africa,solar_th_ppl,year,2010,2010
1042,0.0,M1,0.0,South Africa,solar_th_ppl,year,2020,2010
1043,0.0,M1,0.0,South Africa,solar_th_ppl,year,2030,2010
1044,0.0,M1,0.0,South Africa,solar_th_ppl,year,2040,2010
1045,0.0,M1,0.0,South Africa,solar_th_ppl,year,2020,2020
1046,0.0,M1,0.0,South Africa,solar_th_ppl,year,2030,2020
1047,0.0,M1,0.0,South Africa,solar_th_ppl,year,2040,2020
1048,0.0,M1,0.0,South Africa,solar_th_ppl,year,2030,2030
1049,0.0,M1,0.0,South Africa,solar_th_ppl,year,2040,2030
1050,0.0,M1,0.0,South Africa,solar_th_ppl,year,2050,2030
1051,0.0,M1,0.0,South Africa,solar_th_ppl,year,2040,2040
1052,0.0,M1,0.0,South Africa,solar_th_ppl,year,2050,2040
1053,0.0,M1,0.0,South Africa,solar_th_ppl,year,2050,2050
1054,0.0,M1,0.0,South Africa,bio_ind,year,2010,2010
1055,0.0,M1,0.0,South Africa,coal_imp,year,2010,2010
1056,1.4792305,M1,0.0,South Africa,coal_imp,year,2020,2020
1057,1.208639,M1,0.0,South Africa,coal_imp,year,2030,2030
1058,0.9875461,M1,0.0,South Africa,coal_imp,year,2040,2040
1059,0.80689704,M1,0.0,South Africa,coal_imp,year,2050,2050
1060,0.0,M1,0.0,South Africa,gas_imp,year,2010,2010
1061,1.973357,M1,0.0,South Africa,gas_imp,year,2020,2020
1062,2.07191,M1,0.0,South Africa,gas_imp,year,2030,2030
1063,3.907848,M1,0.0,South Africa,gas_imp,year,2040,2040
1064,7.120146,M1,0.0,South Africa,gas_imp,year,2050,2050
1065,0.0,M1,0.0,South Africa,gas_ind,year,2010,2010
1066,0.0,M1,0.0,South Africa,solar_pv_ppl,year,2010,2005
1067,0.0,M1,0.0,South Africa,solar_pv_ppl,year,2020,2005
1068,0.0,M1,0.0,South Africa,solar_pv_ppl,year,2030,2005
1069,0.0,M1,0.0,South Africa,solar_pv_ppl,year,2010,2010
1070,0.0011084307,M1,0.0,South Africa,solar_pv_ppl,year,2020,2010
1071,0.0,M1,0.0,South Africa,solar_pv_ppl,year,2030,2010
1072,0.0009850155,M1,0.0,South Africa,solar_pv_ppl,year,2040,2010
1073,0.0,M1,0.0,South Africa,solar_pv_ppl,year,2020,2020
1074,0.00016737585,M1,0.0,South Africa,solar_pv_ppl,year,2030,2020
1075,0.0,M1,0.0,South Africa,solar_pv_ppl,year,2040,2020
1076,0.0010980803,M1,0.0,South Africa,solar_pv_ppl,year,2030,2030
1077,0.0,M1,0.0,South Africa,solar_pv_ppl,year,2040,2030
1078,0.0010980803,M1,0.0,South Africa,solar_pv_ppl,year,2050,2030
1079,0.0,M1,0.0,South Africa,solar_pv_ppl,year,2040,2040
1080,0.00038287693,M1,0.0,South Africa,solar_pv_ppl,year,2050,2040
1081,0.551344,M1,0.0,South Africa,solar_pv_ppl,year,2050,2050
1082,0.0,M1,0.0,South Africa,oil_extr,year,2010,2010
1083,0.0037520172,M1,0.0,South Africa,oil_extr,year,2020,2010
1084,0.0,M1,16.411469,South Africa,oil_extr,year,2020,2020
1085,0.00010598519,M1,0.0,South Africa,oil_extr,year,2030,2030
1086,2.9938194e-06,M1,0.0,South Africa,oil_extr,year,2040,2040
1087,0.0,M1,0.0,South Africa,oil_extr,year,2050,2050
