,commodity,level,mode,node_dest,node_loc,technology,time,time_dest,unit,value,year_act,year_vtg
0,electr,secondary,M1,South Africa,South Africa,syn_liq,year,year,GWa,0.13636364,2020,2020
1,electr,secondary,M1,South Africa,South Africa,syn_liq,year,year,GWa,0.13636364,2030,2030
2,electr,secondary,M1,South Africa,South Africa,syn_liq,year,year,GWa,0.13636364,2040,2040
3,electr,secondary,M1,South Africa,South Africa,syn_liq,year,year,GWa,0.13636364,2050,2050
4,electr,secondary,M1,South Africa,South Africa,syn_liq_ccs,year,year,GWa,0.09090909,2020,2020
5,electr,secondary,M1,South Africa,South Africa,syn_liq_ccs,year,year,GWa,0.09090909,2030,2030
6,electr,secondary,M1,South Africa,South Africa,syn_liq_ccs,year,year,GWa,0.09090909,2040,2040
7,electr,secondary,M1,South Africa,South Africa,syn_liq_ccs,year,year,GWa,0.09090909,2050,2050
8,lightoil,secondary,M1,South Africa,South Africa,ref_hil,year,year,GWa,0.9010989,1995,1995
9,lightoil,secondary,M1,South Africa,South Africa,ref_hil,year,year,GWa,0.9130435,2000,2000
10,lightoil,secondary,M1,South Africa,South Africa,ref_hil,year,year,GWa,0.9189189,2005,2005
11,lightoil,secondary,M1,South Africa,South Africa,ref_hil,year,year,GWa,0.9247312,2010,2010
12,lightoil,secondary,M1,South Africa,South Africa,ref_hil,year,year,GWa,0.9361702,2020,2020
13,lightoil,secondary,M1,South Africa,South Africa,ref_hil,year,year,GWa,0.94736844,2030,2030
14,lightoil,secondary,M1,South Africa,South Africa,ref_hil,year,year,GWa,0.94736844,2040,2040
15,lightoil,secondary,M1,South Africa,South Africa,ref_hil,year,year,GWa,0.94736844,2050,2050
16,electr,secondary,M1,South Africa,South Africa,meth_ng,year,year,GWa,0.0,2020,2020
17,electr,secondary,M1,South Africa,South Africa,meth_ng,year,year,GWa,0.0,2030,2030
18,electr,secondary,M1,South Africa,South Africa,meth_ng,year,year,GWa,0.0,2040,2040
19,electr,secondary,M1,South Africa,South Africa,meth_ng,year,year,GWa,0.0,2050,2050
20,electr,secondary,M1,South Africa,South Africa,meth_ng_ccs,year,year,GWa,0.0,2020,2020
21,electr,secondary,M1,South Africa,South Africa,meth_ng_ccs,year,year,GWa,0.0,2030,2030
22,electr,secondary,M1,South Africa,South Africa,meth_ng_ccs,year,year,GWa,0.0,2040,2040
23,electr,secondary,M1,South Africa,South Africa,meth_ng_ccs,year,year,GWa,0.0,2050,2050
24,electr,secondary,M1,South Africa,South Africa,meth_coal,year,year,GWa,0.03846154,2020,2020
25,electr,secondary,M1,South Africa,South Africa,meth_coal,year,year,GWa,0.03846154,2030,2030
26,electr,secondary,M1,South Africa,South Africa,meth_coal,year,year,GWa,0.03846154,2040,2040
27,electr,secondary,M1,South Africa,South Africa,meth_coal,year,year,GWa,0.03846154,2050,2050
28,electr,secondary,M1,South Africa,South Africa,meth_coal_ccs,year,year,GWa,0.01923077,2020,2020
29,electr,secondary,M1,South Africa,South Africa,meth_coal_ccs,year,year,GWa,0.01923077,2030,2030
30,electr,secondary,M1,South Africa,South Africa,meth_coal_ccs,year,year,GWa,0.01923077,2040,2040
31,electr,secondary,M1,South Africa,South Africa,meth_coal_ccs,year,year,GWa,0.01923077,2050,2050
32,coal,primary,M1,South Africa,South Africa,coal_extr,year,year,GWa,1.0,1990,1990
33,coal,primary,M1,South Africa,South Africa,coal_extr,year,year,GWa,1.0,1995,1995
34,coal,primary,M1,South Africa,South Africa,coal_extr,year,year,GWa,1.0,2000,2000
35,coal,primary,M1,South Africa,South Africa,coal_extr,year,year,GWa,1.0,2005,2005
36,coal,primary,M1,South Africa,South Africa,coal_extr,year,year,GWa,1.0,2010,2010
37,coal,primary,M1,South Africa,South Africa,coal_extr,year,year,GWa,1.0,2020,2020
38,coal,primary,M1,South Africa,South Africa,coal_extr,year,year,GWa,1.0,2030,2030
39,coal,primary,M1,South Africa,South Africa,coal_extr,year,year,GWa,1.0,2040,2040
40,coal,primary,M1,South Africa,South Africa,coal_extr,year,year,GWa,1.0,2050,2050
41,gas,secondary,M1,South Africa,South Africa,gas_bal,year,year,GWa,1.0,1990,1990
42,gas,secondary,M1,South Africa,South Africa,gas_bal,year,year,GWa,1.0,1995,1995
43,gas,secondary,M1,South Africa,South Africa,gas_bal,year,year,GWa,1.0,2000,2000
44,gas,secondary,M1,South Africa,South Africa,gas_bal,year,year,GWa,1.0,2005,2005
45,gas,secondary,M1,South Africa,South Africa,gas_bal,year,year,GWa,1.0,2010,2010
46,gas,secondary,M1,South Africa,South Africa,gas_bal,year,year,GWa,1.0,2020,2020
47,gas,secondary,M1,South Africa,South Africa,gas_bal,year,year,GWa,1.0,2030,2030
48,gas,secondary,M1,South Africa,South Africa,gas_bal,year,year,GWa,1.0,2040,2040
49,gas,secondary,M1,South Africa,South Africa,gas_bal,year,year,GWa,1.0,2050,2050
50,crudeoil,secondary,M1,South Africa,South Africa,oil_bal,year,year,GWa,1.0,1990,1990
51,crudeoil,secondary,M1,South Africa,South Africa,oil_bal,year,year,GWa,1.0,1995,1995
52,crudeoil,secondary,M1,South Africa,South Africa,oil_bal,year,year,GWa,1.0,2000,2000
53,crudeoil,secondary,M1,South Africa,South Africa,oil_bal,year,year,GWa,1.0,2005,2005
54,crudeoil,secondary,M1,South Africa,South Africa,oil_bal,year,year,GWa,1.0,2010,2010
55,crudeoil,secondary,M1,South Africa,South Africa,oil_bal,year,year,GWa,1.0,2020,2020
56,crudeoil,secondary,M1,South Africa,South Africa,oil_bal,year,year,GWa,1.0,2030,2030
57,crudeoil,secondary,M1,South Africa,South Africa,oil_bal,year,year,GWa,1.0,2040,2040
58,crudeoil,secondary,M1,South Africa,South Africa,oil_bal,year,year,GWa,1.0,2050,2050
59,coal,secondary,M1,South Africa,South Africa,coal_bal,year,year,GWa,1.0,1990,1990
60,coal,secondary,M1,South Africa,South Africa,coal_bal,year,year,GWa,1.0,1995,1995
61,coal,secondary,M1,South Africa,South Africa,coal_bal,year,year,GWa,1.0,2000,2000
62,coal,secondary,M1,South Africa,South Africa,coal_bal,year,year,GWa,1.0,2005,2005
63,coal,secondary,M1,South Africa,South Africa,coal_bal,year,year,GWa,1.0,2010,2010
64,coal,secondary,M1,South Africa,South Africa,coal_bal,year,year,GWa,1.0,2020,2020
65,coal,secondary,M1,South Africa,South Africa,coal_bal,year,year,GWa,1.0,2030,2030
66,coal,secondary,M1,South Africa,South Africa,coal_bal,year,year,GWa,1.0,2040,2040
67,coal,secondary,M1,South Africa,South Africa,coal_bal,year,year,GWa,1.0,2050,2050
68,gas,secondary,M1,South Africa,South Africa,coal_gas,year,year,GWa,1.0,2010,2010
69,gas,secondary,M1,South Africa,South Africa,coal_gas,year,year,GWa,1.0,2020,2020
70,gas,secondary,M1,South Africa,South Africa,coal_gas,year,year,GWa,1.0,2030,2030
71,gas,secondary,M1,South Africa,South Africa,coal_gas,year,year,GWa,1.0,2040,2040
72,gas,secondary,M1,South Africa,South Africa,coal_gas,year,year,GWa,1.0,2050,2050
73,lightoil,secondary,M1,South Africa,South Africa,syn_liq,year,year,GWa,1.0,2020,2020
74,lightoil,secondary,M1,South Africa,South Africa,syn_liq,year,year,GWa,1.0,2030,2030
75,lightoil,secondary,M1,South Africa,South Africa,syn_liq,year,year,GWa,1.0,2040,2040
76,lightoil,secondary,M1,South Africa,South Africa,syn_liq,year,year,GWa,1.0,2050,2050
77,lightoil,secondary,M1,South Africa,South Africa,syn_liq_ccs,year,year,GWa,1.0,2020,2020
78,lightoil,secondary,M1,South Africa,South Africa,syn_liq_ccs,year,year,GWa,1.0,2030,2030
79,lightoil,secondary,M1,South Africa,South Africa,syn_liq_ccs,year,year,GWa,1.0,2040,2040
80,lightoil,secondary,M1,South Africa,South Africa,syn_liq_ccs,year,year,GWa,1.0,2050,2050
81,fueloil,secondary,M1,South Africa,South Africa,ref_hil,year,year,GWa,0.0989011,1995,1995
82,fueloil,secondary,M1,South Africa,South Africa,ref_hil,year,year,GWa,0.08695652,2000,2000
83,fueloil,secondary,M1,South Africa,South Africa,ref_hil,year,year,GWa,0.081081085,2005,2005
84,fueloil,secondary,M1,South Africa,South Africa,ref_hil,year,year,GWa,0.07526882,2010,2010
85,fueloil,secondary,M1,South Africa,South Africa,ref_hil,year,year,GWa,0.06382979,2020,2020
86,fueloil,secondary,M1,South Africa,South Africa,ref_hil,year,year,GWa,0.05263158,2030,2030
87,fueloil,secondary,M1,South Africa,South Africa,ref_hil,year,year,GWa,0.05263158,2040,2040
88,fueloil,secondary,M1,South Africa,South Africa,ref_hil,year,year,GWa,0.05263158,2050,2050
89,methanol,primary,M1,South Africa,South Africa,meth_ng,year,year,GWa,1.0,2020,2020
90,methanol,primary,M1,South Africa,South Africa,meth_ng,year,year,GWa,1.0,2030,2030
91,methanol,primary,M1,South Africa,South Africa,meth_ng,year,year,GWa,1.0,2040,2040
92,methanol,primary,M1,South Africa,South Africa,meth_ng,year,year,GWa,1.0,2050,2050
93,methanol,primary,M1,South Africa,South Africa,meth_ng_ccs,year,year,GWa,1.0,2020,2020
94,methanol,primary,M1,South Africa,South Africa,meth_ng_ccs,year,year,GWa,1.0,2030,2030
95,methanol,primary,M1,South Africa,South Africa,meth_ng_ccs,year,year,GWa,1.0,2040,2040
96,methanol,primary,M1,South Africa,South Africa,meth_ng_ccs,year,year,GWa,1.0,2050,2050
97,methanol,primary,M1,South Africa,South Africa,meth_coal,year,year,GWa,1.0,2020,2020
98,methanol,primary,M1,South Africa,South Africa,meth_coal,year,year,GWa,1.0,2030,2030
99,methanol,primary,M1,South Africa,South Africa,meth_coal,year,year,GWa,1.0,2040,2040
100,methanol,primary,M1,South Africa,South Africa,meth_coal,year,year,GWa,1.0,2050,2050
101,methanol,primary,M1,South Africa,South Africa,meth_coal_ccs,year,year,GWa,1.0,2020,2020
102,methanol,primary,M1,South Africa,South Africa,meth_coal_ccs,year,year,GWa,1.0,2030,2030
103,methanol,primary,M1,South Africa,South Africa,meth_coal_ccs,year,year,GWa,1.0,2040,2040
104,methanol,primary,M1,South Africa,South Africa,meth_coal_ccs,year,year,GWa,1.0,2050,2050
105,gas,secondary,M1,South Africa,South Africa,gas_bio,year,year,GWa,1.0,2010,2010
106,gas,secondary,M1,South Africa,South Africa,gas_bio,year,year,GWa,1.0,2020,2020
107,gas,secondary,M1,South Africa,South Africa,gas_bio,year,year,GWa,1.0,2030,2030
108,gas,secondary,M1,South Africa,South Africa,gas_bio,year,year,GWa,1.0,2040,2040
109,gas,secondary,M1,South Africa,South Africa,gas_bio,year,year,GWa,1.0,2050,2050
110,electr,secondary,M1,South Africa,South Africa,coal_ppl,year,year,GWa,1.0,1995,1995
111,electr,secondary,M1,South Africa,South Africa,coal_ppl,year,year,GWa,1.0,2000,2000
112,electr,secondary,M1,South Africa,South Africa,coal_ppl,year,year,GWa,1.0,2005,2005
113,electr,secondary,M1,South Africa,South Africa,coal_ppl,year,year,GWa,1.0,2010,2010
114,electr,secondary,M1,South Africa,South Africa,coal_ppl,year,year,GWa,1.0,2020,2020
115,electr,secondary,M1,South Africa,South Africa,coal_ppl,year,year,GWa,1.0,2030,2030
116,electr,secondary,M1,South Africa,South Africa,coal_ppl,year,year,GWa,1.0,2040,2040
117,electr,secondary,M1,South Africa,South Africa,coal_ppl,year,year,GWa,1.0,2050,2050
118,electr,secondary,M1,South Africa,South Africa,coal_adv,year,year,GWa,1.0,2010,2010
119,electr,secondary,M1,South Africa,South Africa,coal_adv,year,year,GWa,1.0,2020,2020
120,electr,secondary,M1,South Africa,South Africa,coal_adv,year,year,GWa,1.0,2030,2030
121,electr,secondary,M1,South Africa,South Africa,coal_adv,year,year,GWa,1.0,2040,2040
122,electr,secondary,M1,South Africa,South Africa,coal_adv,year,year,GWa,1.0,2050,2050
123,electr,secondary,M1,South Africa,South Africa,coal_adv_ccs,year,year,GWa,1.0,2020,2020
124,electr,secondary,M1,South Africa,South Africa,coal_adv_ccs,year,year,GWa,1.0,2030,2030
125,electr,secondary,M1,South Africa,South Africa,coal_adv_ccs,year,year,GWa,1.0,2040,2040
126,electr,secondary,M1,South Africa,South Africa,coal_adv_ccs,year,year,GWa,1.0,2050,2050
127,electr,secondary,M1,South Africa,South Africa,igcc,year,year,GWa,1.0,2010,2010
128,electr,secondary,M1,South Africa,South Africa,igcc,year,year,GWa,1.0,2020,2020
129,electr,secondary,M1,South Africa,South Africa,igcc,year,year,GWa,1.0,2030,2030
130,electr,secondary,M1,South Africa,South Africa,igcc,year,year,GWa,1.0,2040,2040
131,electr,secondary,M1,South Africa,South Africa,igcc,year,year,GWa,1.0,2050,2050
132,electr,secondary,M1,South Africa,South Africa,igcc_ccs,year,year,GWa,1.0,2020,2020
133,electr,secondary,M1,South Africa,South Africa,igcc_ccs,year,year,GWa,1.0,2030,2030
134,electr,secondary,M1,South Africa,South Africa,igcc_ccs,year,year,GWa,1.0,2040,2040
135,electr,secondary,M1,South Africa,South Africa,igcc_ccs,year,year,GWa,1.0,2050,2050
136,electr,secondary,M1,South Africa,South Africa,foil_ppl,year,year,GWa,1.0,1990,1990
137,electr,secondary,M1,South Africa,South Africa,foil_ppl,year,year,GWa,1.0,1995,1995
138,electr,secondary,M1,South Africa,South Africa,foil_ppl,year,year,GWa,1.0,2000,2000
139,electr,secondary,M1,South Africa,South Africa,foil_ppl,year,year,GWa,1.0,2005,2005
140,electr,secondary,M1,South Africa,South Africa,foil_ppl,year,year,GWa,1.0,2010,2010
141,electr,secondary,M1,South Africa,South Africa,foil_ppl,year,year,GWa,1.0,2020,2020
142,electr,secondary,M1,South Africa,South Africa,foil_ppl,year,year,GWa,1.0,2030,2030
143,electr,secondary,M1,South Africa,South Africa,foil_ppl,year,year,GWa,1.0,2040,2040
144,electr,secondary,M1,South Africa,South Africa,foil_ppl,year,year,GWa,1.0,2050,2050
145,electr,secondary,M1,South Africa,South Africa,loil_ppl,year,year,GWa,1.0,1990,1990
146,electr,secondary,M1,South Africa,South Africa,loil_ppl,year,year,GWa,1.0,1995,1995
147,electr,secondary,M1,South Africa,South Africa,loil_ppl,year,year,GWa,1.0,2000,2000
148,electr,secondary,M1,South Africa,South Africa,loil_ppl,year,year,GWa,1.0,2005,2005
149,electr,secondary,M1,South Africa,South Africa,loil_ppl,year,year,GWa,1.0,2010,2010
150,electr,secondary,M1,South Africa,South Africa,loil_ppl,year,year,GWa,1.0,2020,2020
151,electr,secondary,M1,South Africa,South Africa,loil_ppl,year,year,GWa,1.0,2030,2030
152,electr,secondary,M1,South Africa,South Africa,loil_ppl,year,year,GWa,1.0,2040,2040
153,electr,secondary,M1,South Africa,South Africa,loil_ppl,year,year,GWa,1.0,2050,2050
154,electr,secondary,M1,South Africa,South Africa,gas_ppl,year,year,GWa,1.0,1990,1990
155,electr,secondary,M1,South Africa,South Africa,gas_ppl,year,year,GWa,1.0,1995,1995
156,electr,secondary,M1,South Africa,South Africa,gas_ppl,year,year,GWa,1.0,2000,2000
157,electr,secondary,M1,South Africa,South Africa,gas_ppl,year,year,GWa,1.0,2005,2005
158,electr,secondary,M1,South Africa,South Africa,gas_ppl,year,year,GWa,1.0,2010,2010
159,electr,secondary,M1,South Africa,South Africa,gas_ppl,year,year,GWa,1.0,2020,2020
160,electr,secondary,M1,South Africa,South Africa,gas_ppl,year,year,GWa,1.0,2030,2030
161,electr,secondary,M1,South Africa,South Africa,gas_ppl,year,year,GWa,1.0,2040,2040
162,electr,secondary,M1,South Africa,South Africa,gas_ppl,year,year,GWa,1.0,2050,2050
163,electr,secondary,M1,South Africa,South Africa,gas_ct,year,year,GWa,1.0,1990,1990
164,electr,secondary,M1,South Africa,South Africa,gas_ct,year,year,GWa,1.0,1995,1995
165,electr,secondary,M1,South Africa,South Africa,gas_ct,year,year,GWa,1.0,2000,2000
166,electr,secondary,M1,South Africa,South Africa,gas_ct,year,year,GWa,1.0,2005,2005
167,electr,secondary,M1,South Africa,South Africa,gas_ct,year,year,GWa,1.0,2010,2010
168,electr,secondary,M1,South Africa,South Africa,gas_ct,year,year,GWa,1.0,2020,2020
169,electr,secondary,M1,South Africa,South Africa,gas_ct,year,year,GWa,1.0,2030,2030
170,electr,secondary,M1,South Africa,South Africa,gas_ct,year,year,GWa,1.0,2040,2040
171,electr,secondary,M1,South Africa,South Africa,gas_ct,year,year,GWa,1.0,2050,2050
172,electr,secondary,M1,South Africa,South Africa,gas_cc,year,year,GWa,1.0,1995,1995
173,electr,secondary,M1,South Africa,South Africa,gas_cc,year,year,GWa,1.0,2000,2000
174,electr,secondary,M1,South Africa,South Africa,gas_cc,year,year,GWa,1.0,2005,2005
175,electr,secondary,M1,South Africa,South Africa,gas_cc,year,year,GWa,1.0,2010,2010
176,electr,secondary,M1,South Africa,South Africa,gas_cc,year,year,GWa,1.0,2020,2020
177,electr,secondary,M1,South Africa,South Africa,gas_cc,year,year,GWa,1.0,2030,2030
178,electr,secondary,M1,South Africa,South Africa,gas_cc,year,year,GWa,1.0,2040,2040
179,electr,secondary,M1,South Africa,South Africa,gas_cc,year,year,GWa,1.0,2050,2050
180,electr,secondary,M1,South Africa,South Africa,gas_cc_ccs,year,year,GWa,1.0,2020,2020
181,electr,secondary,M1,South Africa,South Africa,gas_cc_ccs,year,year,GWa,1.0,2030,2030
182,electr,secondary,M1,South Africa,South Africa,gas_cc_ccs,year,year,GWa,1.0,2040,2040
183,electr,secondary,M1,South Africa,South Africa,gas_cc_ccs,year,year,GWa,1.0,2050,2050
184,electr,secondary,M1,South Africa,South Africa,bio_istig,year,year,GWa,1.0,2010,2010
185,electr,secondary,M1,South Africa,South Africa,bio_istig,year,year,GWa,1.0,2020,2020
186,electr,secondary,M1,South Africa,South Africa,bio_istig,year,year,GWa,1.0,2030,2030
187,electr,secondary,M1,South Africa,South Africa,bio_istig,year,year,GWa,1.0,2040,2040
188,electr,secondary,M1,South Africa,South Africa,bio_istig,year,year,GWa,1.0,2050,2050
189,electr,final,M1,South Africa,South Africa,elec_t_d,year,year,GWa,1.0,1990,1990
190,electr,final,M1,South Africa,South Africa,elec_t_d,year,year,GWa,1.0,1995,1995
191,electr,final,M1,South Africa,South Africa,elec_t_d,year,year,GWa,1.0,2000,2000
192,electr,final,M1,South Africa,South Africa,elec_t_d,year,year,GWa,1.0,2005,2005
193,electr,final,M1,South Africa,South Africa,elec_t_d,year,year,GWa,1.0,2010,2010
194,electr,final,M1,South Africa,South Africa,elec_t_d,year,year,GWa,1.0,2020,2020
195,electr,final,M1,South Africa,South Africa,elec_t_d,year,year,GWa,1.0,2030,2030
196,electr,final,M1,South Africa,South Africa,elec_t_d,year,year,GWa,1.0,2040,2040
197,electr,final,M1,South Africa,South Africa,elec_t_d,year,year,GWa,1.0,2050,2050
198,coal,final,M1,South Africa,South Africa,coal_t_d,year,year,GWa,1.0,1990,1990
199,coal,final,M1,South Africa,South Africa,coal_t_d,year,year,GWa,1.0,1995,1995
200,coal,final,M1,South Africa,South Africa,coal_t_d,year,year,GWa,1.0,2000,2000
201,coal,final,M1,South Africa,South Africa,coal_t_d,year,year,GWa,1.0,2005,2005
202,coal,final,M1,South Africa,South Africa,coal_t_d,year,year,GWa,1.0,2010,2010
203,coal,final,M1,South Africa,South Africa,coal_t_d,year,year,GWa,1.0,2020,2020
204,coal,final,M1,South Africa,South Africa,coal_t_d,year,year,GWa,1.0,2030,2030
205,coal,final,M1,South Africa,South Africa,coal_t_d,year,year,GWa,1.0,2040,2040
206,coal,final,M1,South Africa,South Africa,coal_t_d,year,year,GWa,1.0,2050,2050
207,fueloil,final,M1,South Africa,South Africa,foil_t_d,year,year,GWa,1.0,1990,1990
208,fueloil,final,M1,South Africa,South Africa,foil_t_d,year,year,GWa,1.0,1995,1995
209,fueloil,final,M1,South Africa,South Africa,foil_t_d,year,year,GWa,1.0,2000,2000
210,fueloil,final,M1,South Africa,South Africa,foil_t_d,year,year,GWa,1.0,2005,2005
211,fueloil,final,M1,South Africa,South Africa,foil_t_d,year,year,GWa,1.0,2010,2010
212,fueloil,final,M1,South Africa,South Africa,foil_t_d,year,year,GWa,1.0,2020,2020
213,fueloil,final,M1,South Africa,South Africa,foil_t_d,year,year,GWa,1.0,2030,2030
214,fueloil,final,M1,South Africa,South Africa,foil_t_d,year,year,GWa,1.0,2040,2040
215,fueloil,final,M1,South Africa,South Africa,foil_t_d,year,year,GWa,1.0,2050,2050
216,lightoil,final,M1,South Africa,South Africa,loil_t_d,year,year,GWa,1.0,1990,1990
217,lightoil,final,M1,South Africa,South Africa,loil_t_d,year,year,GWa,1.0,1995,1995
218,lightoil,final,M1,South Africa,South Africa,loil_t_d,year,year,GWa,1.0,2000,2000
219,lightoil,final,M1,South Africa,South Africa,loil_t_d,year,year,GWa,1.0,2005,2005
220,lightoil,final,M1,South Africa,South Africa,loil_t_d,year,year,GWa,1.0,2010,2010
221,lightoil,final,M1,South Africa,South Africa,loil_t_d,year,year,GWa,1.0,2020,2020
222,lightoil,final,M1,South Africa,South Africa,loil_t_d,year,year,GWa,1.0,2030,2030
223,lightoil,final,M1,South Africa,South Africa,loil_t_d,year,year,GWa,1.0,2040,2040
224,lightoil,final,M1,South Africa,South Africa,loil_t_d,year,year,GWa,1.0,2050,2050
225,gas,final,M1,South Africa,South Africa,gas_t_d,year,year,GWa,1.0,1990,1990
226,gas,final,M1,South Africa,South Africa,gas_t_d,year,year,GWa,1.0,1995,1995
227,gas,final,M1,South Africa,South Africa,gas_t_d,year,year,GWa,1.0,2000,2000
228,gas,final,M1,South Africa,South Africa,gas_t_d,year,year,GWa,1.0,2005,2005
229,gas,final,M1,South Africa,South Africa,gas_t_d,year,year,GWa,1.0,2010,2010
230,gas,final,M1,South Africa,South Africa,gas_t_d,year,year,GWa,1.0,2020,2020
231,gas,final,M1,South Africa,South Africa,gas_t_d,year,year,GWa,1.0,2030,2030
232,gas,final,M1,South Africa,South Africa,gas_t_d,year,year,GWa,1.0,2040,2040
233,gas,final,M1,South Africa,South Africa,gas_t_d,year,year,GWa,1.0,2050,2050
234,biomass,final,M1,South Africa,South Africa,biomass_t_d,year,year,GWa,1.0,1990,1990
235,biomass,final,M1,South Africa,South Africa,biomass_t_d,year,year,GWa,1.0,1995,1995
236,biomass,final,M1,South Africa,South Africa,biomass_t_d,year,year,GWa,1.0,2000,2000
237,biomass,final,M1,South Africa,South Africa,biomass_t_d,year,year,GWa,1.0,2005,2005
238,biomass,final,M1,South Africa,South Africa,biomass_t_d,year,year,GWa,1.0,2010,2010
239,biomass,final,M1,South Africa,South Africa,biomass_t_d,year,year,GWa,1.0,2020,2020
240,biomass,final,M1,South Africa,South Africa,biomass_t_d,year,year,GWa,1.0,2030,2030
241,biomass,final,M1,South Africa,South Africa,biomass_t_d,year,year,GWa,1.0,2040,2040
242,biomass,final,M1,South Africa,South Africa,biomass_t_d,year,year,GWa,1.0,2050,2050
243,i_spec,useful,M1,South Africa,South Africa,sp_el_I,year,year,GWa,1.0,1990,1990
244,i_spec,useful,M1,South Africa,South Africa,sp_el_I,year,year,GWa,1.0,1995,1995
245,i_spec,useful,M1,South Africa,South Africa,sp_el_I,year,year,GWa,1.0,2000,2000
246,i_spec,useful,M1,South Africa,South Africa,sp_el_I,year,year,GWa,1.0,2005,2005
247,i_spec,useful,M1,South Africa,South Africa,sp_el_I,year,year,GWa,1.0,2010,2010
248,i_spec,useful,M1,South Africa,South Africa,sp_el_I,year,year,GWa,1.0,2020,2020
249,i_spec,useful,M1,South Africa,South Africa,sp_el_I,year,year,GWa,1.0,2030,2030
250,i_spec,useful,M1,South Africa,South Africa,sp_el_I,year,year,GWa,1.0,2040,2040
251,i_spec,useful,M1,South Africa,South Africa,sp_el_I,year,year,GWa,1.0,2050,2050
252,i_therm,useful,M1,South Africa,South Africa,coal_i,year,year,GWa,1.0,1990,1990
253,i_therm,useful,M1,South Africa,South Africa,coal_i,year,year,GWa,1.0,1995,1995
254,i_therm,useful,M1,South Africa,South Africa,coal_i,year,year,GWa,1.0,2000,2000
255,i_therm,useful,M1,South Africa,South Africa,coal_i,year,year,GWa,1.0,2005,2005
256,i_therm,useful,M1,South Africa,South Africa,coal_i,year,year,GWa,1.0,2010,2010
257,i_therm,useful,M1,South Africa,South Africa,coal_i,year,year,GWa,1.0,2020,2020
258,i_therm,useful,M1,South Africa,South Africa,coal_i,year,year,GWa,1.0,2030,2030
259,i_therm,useful,M1,South Africa,South Africa,coal_i,year,year,GWa,1.0,2040,2040
260,i_therm,useful,M1,South Africa,South Africa,coal_i,year,year,GWa,1.0,2050,2050
261,i_therm,useful,M1,South Africa,South Africa,foil_i,year,year,GWa,1.0,1990,1990
262,i_therm,useful,M1,South Africa,South Africa,foil_i,year,year,GWa,1.0,1995,1995
263,i_therm,useful,M1,South Africa,South Africa,foil_i,year,year,GWa,1.0,2000,2000
264,i_therm,useful,M1,South Africa,South Africa,foil_i,year,year,GWa,1.0,2005,2005
265,i_therm,useful,M1,South Africa,South Africa,foil_i,year,year,GWa,1.0,2010,2010
266,i_therm,useful,M1,South Africa,South Africa,foil_i,year,year,GWa,1.0,2020,2020
267,i_therm,useful,M1,South Africa,South Africa,foil_i,year,year,GWa,1.0,2030,2030
268,i_therm,useful,M1,South Africa,South Africa,foil_i,year,year,GWa,1.0,2040,2040
269,i_therm,useful,M1,South Africa,South Africa,foil_i,year,year,GWa,1.0,2050,2050
270,i_therm,useful,M1,South Africa,South Africa,loil_i,year,year,GWa,1.0,1990,1990
271,i_therm,useful,M1,South Africa,South Africa,loil_i,year,year,GWa,1.0,1995,1995
272,i_therm,useful,M1,South Africa,South Africa,loil_i,year,year,GWa,1.0,2000,2000
273,i_therm,useful,M1,South Africa,South Africa,loil_i,year,year,GWa,1.0,2005,2005
274,i_therm,useful,M1,South Africa,South Africa,loil_i,year,year,GWa,1.0,2010,2010
275,i_therm,useful,M1,South Africa,South Africa,loil_i,year,year,GWa,1.0,2020,2020
276,i_therm,useful,M1,South Africa,South Africa,loil_i,year,year,GWa,1.0,2030,2030
277,i_therm,useful,M1,South Africa,South Africa,loil_i,year,year,GWa,1.0,2040,2040
278,i_therm,useful,M1,South Africa,South Africa,loil_i,year,year,GWa,1.0,2050,2050
279,i_therm,useful,M1,South Africa,South Africa,gas_i,year,year,GWa,1.0,1990,1990
280,i_therm,useful,M1,South Africa,South Africa,gas_i,year,year,GWa,1.0,1995,1995
281,i_therm,useful,M1,South Africa,South Africa,gas_i,year,year,GWa,1.0,2000,2000
282,i_therm,useful,M1,South Africa,South Africa,gas_i,year,year,GWa,1.0,2005,2005
283,i_therm,useful,M1,South Africa,South Africa,gas_i,year,year,GWa,1.0,2010,2010
284,i_therm,useful,M1,South Africa,South Africa,gas_i,year,year,GWa,1.0,2020,2020
285,i_therm,useful,M1,South Africa,South Africa,gas_i,year,year,GWa,1.0,2030,2030
286,i_therm,useful,M1,South Africa,South Africa,gas_i,year,year,GWa,1.0,2040,2040
287,i_therm,useful,M1,South Africa,South Africa,gas_i,year,year,GWa,1.0,2050,2050
288,i_therm,useful,M1,South Africa,South Africa,biomass_i,year,year,GWa,1.0,1995,1995
289,i_therm,useful,M1,South Africa,South Africa,biomass_i,year,year,GWa,1.0,2000,2000
290,i_therm,useful,M1,South Africa,South Africa,biomass_i,year,year,GWa,1.0,2005,2005
291,i_therm,useful,M1,South Africa,South Africa,biomass_i,year,year,GWa,1.0,2010,2010
292,i_therm,useful,M1,South Africa,South Africa,biomass_i,year,year,GWa,1.0,2020,2020
293,i_therm,useful,M1,South Africa,South Africa,biomass_i,year,year,GWa,1.0,2030,2030
294,i_therm,useful,M1,South Africa,South Africa,biomass_i,year,year,GWa,1.0,2040,2040
295,i_therm,useful,M1,South Africa,South Africa,biomass_i,year,year,GWa,1.0,2050,2050
296,i_therm,useful,M1,South Africa,South Africa,elec_i,year,year,GWa,1.0,1990,1990
297,i_therm,useful,M1,South Africa,South Africa,elec_i,year,year,GWa,1.0,1995,1995
298,i_therm,useful,M1,South Africa,South Africa,elec_i,year,year,GWa,1.0,2000,2000
299,i_therm,useful,M1,South Africa,South Africa,elec_i,year,year,GWa,1.0,2005,2005
300,i_therm,useful,M1,South Africa,South Africa,elec_i,year,year,GWa,1.0,2010,2010
301,i_therm,useful,M1,South Africa,South Africa,elec_i,year,year,GWa,1.0,2020,2020
302,i_therm,useful,M1,South Africa,South Africa,elec_i,year,year,GWa,1.0,2030,2030
303,i_therm,useful,M1,South Africa,South Africa,elec_i,year,year,GWa,1.0,2040,2040
304,i_therm,useful,M1,South Africa,South Africa,elec_i,year,year,GWa,1.0,2050,2050
305,i_feed,useful,M1,South Africa,South Africa,loil_fs,year,year,GWa,1.0,1990,1990
306,i_feed,useful,M1,South Africa,South Africa,loil_fs,year,year,GWa,1.0,1995,1995
307,i_feed,useful,M1,South Africa,South Africa,loil_fs,year,year,GWa,1.0,2000,2000
308,i_feed,useful,M1,South Africa,South Africa,loil_fs,year,year,GWa,1.0,2005,2005
309,i_feed,useful,M1,South Africa,South Africa,loil_fs,year,year,GWa,1.0,2010,2010
310,i_feed,useful,M1,South Africa,South Africa,loil_fs,year,year,GWa,1.0,2020,2020
311,i_feed,useful,M1,South Africa,South Africa,loil_fs,year,year,GWa,1.0,2030,2030
312,i_feed,useful,M1,South Africa,South Africa,loil_fs,year,year,GWa,1.0,2040,2040
313,i_feed,useful,M1,South Africa,South Africa,loil_fs,year,year,GWa,1.0,2050,2050
314,i_feed,useful,M1,South Africa,South Africa,coal_fs,year,year,GWa,1.0,1990,1990
315,i_feed,useful,M1,South Africa,South Africa,coal_fs,year,year,GWa,1.0,1995,1995
316,i_feed,useful,M1,South Africa,South Africa,coal_fs,year,year,GWa,1.0,2000,2000
317,i_feed,useful,M1,South Africa,South Africa,coal_fs,year,year,GWa,1.0,2005,2005
318,i_feed,useful,M1,South Africa,South Africa,coal_fs,year,year,GWa,1.0,2010,2010
319,i_feed,useful,M1,South Africa,South Africa,coal_fs,year,year,GWa,1.0,2020,2020
320,i_feed,useful,M1,South Africa,South Africa,coal_fs,year,year,GWa,1.0,2030,2030
321,i_feed,useful,M1,South Africa,South Africa,coal_fs,year,year,GWa,1.0,2040,2040
322,i_feed,useful,M1,South Africa,South Africa,coal_fs,year,year,GWa,1.0,2050,2050
323,i_feed,useful,M1,South Africa,South Africa,gas_fs,year,year,GWa,1.0,1995,1995
324,i_feed,useful,M1,South Africa,South Africa,gas_fs,year,year,GWa,1.0,2000,2000
325,i_feed,useful,M1,South Africa,South Africa,gas_fs,year,year,GWa,1.0,2005,2005
326,i_feed,useful,M1,South Africa,South Africa,gas_fs,year,year,GWa,1.0,2010,2010
327,i_feed,useful,M1,South Africa,South Africa,gas_fs,year,year,GWa,1.0,2020,2020
328,i_feed,useful,M1,South Africa,South Africa,gas_fs,year,year,GWa,1.0,2030,2030
329,i_feed,useful,M1,South Africa,South Africa,gas_fs,year,year,GWa,1.0,2040,2040
330,i_feed,useful,M1,South Africa,South Africa,gas_fs,year,year,GWa,1.0,2050,2050
331,rc_spec,useful,M1,South Africa,South Africa,sp_el_RC,year,year,GWa,1.0,1990,1990
332,rc_spec,useful,M1,South Africa,South Africa,sp_el_RC,year,year,GWa,1.0,1995,1995
333,rc_spec,useful,M1,South Africa,South Africa,sp_el_RC,year,year,GWa,1.0,2000,2000
334,rc_spec,useful,M1,South Africa,South Africa,sp_el_RC,year,year,GWa,1.0,2005,2005
335,rc_spec,useful,M1,South Africa,South Africa,sp_el_RC,year,year,GWa,1.0,2010,2010
336,rc_spec,useful,M1,South Africa,South Africa,sp_el_RC,year,year,GWa,1.0,2020,2020
337,rc_spec,useful,M1,South Africa,South Africa,sp_el_RC,year,year,GWa,1.0,2030,2030
338,rc_spec,useful,M1,South Africa,South Africa,sp_el_RC,year,year,GWa,1.0,2040,2040
339,rc_spec,useful,M1,South Africa,South Africa,sp_el_RC,year,year,GWa,1.0,2050,2050
340,rc_therm,useful,M1,South Africa,South Africa,coal_rc,year,year,GWa,1.0,1990,1990
341,rc_therm,useful,M1,South Africa,South Africa,coal_rc,year,year,GWa,1.0,1995,1995
342,rc_therm,useful,M1,South Africa,South Africa,coal_rc,year,year,GWa,1.0,2000,2000
343,rc_therm,useful,M1,South Africa,South Africa,coal_rc,year,year,GWa,1.0,2005,2005
344,rc_therm,useful,M1,South Africa,South Africa,coal_rc,year,year,GWa,1.0,2010,2010
345,rc_therm,useful,M1,South Africa,South Africa,coal_rc,year,year,GWa,1.0,2020,2020
346,rc_therm,useful,M1,South Africa,South Africa,coal_rc,year,year,GWa,1.0,2030,2030
347,rc_therm,useful,M1,South Africa,South Africa,coal_rc,year,year,GWa,1.0,2040,2040
348,rc_therm,useful,M1,South Africa,South Africa,coal_rc,year,year,GWa,1.0,2050,2050
349,rc_therm,useful,M1,South Africa,South Africa,foil_rc,year,year,GWa,1.0,1990,1990
350,rc_therm,useful,M1,South Africa,South Africa,foil_rc,year,year,GWa,1.0,1995,1995
351,rc_therm,useful,M1,South Africa,South Africa,foil_rc,year,year,GWa,1.0,2000,2000
352,rc_therm,useful,M1,South Africa,South Africa,foil_rc,year,year,GWa,1.0,2005,2005
353,rc_therm,useful,M1,South Africa,South Africa,foil_rc,year,year,GWa,1.0,2010,2010
354,rc_therm,useful,M1,South Africa,South Africa,foil_rc,year,year,GWa,1.0,2020,2020
355,rc_therm,useful,M1,South Africa,South Africa,foil_rc,year,year,GWa,1.0,2030,2030
356,rc_therm,useful,M1,South Africa,South Africa,foil_rc,year,year,GWa,1.0,2040,2040
357,rc_therm,useful,M1,South Africa,South Africa,foil_rc,year,year,GWa,1.0,2050,2050
358,rc_therm,useful,M1,South Africa,South Africa,loil_rc,year,year,GWa,1.0,1990,1990
359,rc_therm,useful,M1,South Africa,South Africa,loil_rc,year,year,GWa,1.0,1995,1995
360,rc_therm,useful,M1,South Africa,South Africa,loil_rc,year,year,GWa,1.0,2000,2000
361,rc_therm,useful,M1,South Africa,South Africa,loil_rc,year,year,GWa,1.0,2005,2005
362,rc_therm,useful,M1,South Africa,South Africa,loil_rc,year,year,GWa,1.0,2010,2010
363,rc_therm,useful,M1,South Africa,South Africa,loil_rc,year,year,GWa,1.0,2020,2020
364,rc_therm,useful,M1,South Africa,South Africa,loil_rc,year,year,GWa,1.0,2030,2030
365,rc_therm,useful,M1,South Africa,South Africa,loil_rc,year,year,GWa,1.0,2040,2040
366,rc_therm,useful,M1,South Africa,South Africa,loil_rc,year,year,GWa,1.0,2050,2050
367,rc_therm,useful,M1,South Africa,South Africa,gas_rc,year,year,GWa,1.0,1990,1990
368,rc_therm,useful,M1,South Africa,South Africa,gas_rc,year,year,GWa,1.0,1995,1995
369,rc_therm,useful,M1,South Africa,South Africa,gas_rc,year,year,GWa,1.0,2000,2000
370,rc_therm,useful,M1,South Africa,South Africa,gas_rc,year,year,GWa,1.0,2005,2005
371,rc_therm,useful,M1,South Africa,South Africa,gas_rc,year,year,GWa,1.0,2010,2010
372,rc_therm,useful,M1,South Africa,South Africa,gas_rc,year,year,GWa,1.0,2020,2020
373,rc_therm,useful,M1,South Africa,South Africa,gas_rc,year,year,GWa,1.0,2030,2030
374,rc_therm,useful,M1,South Africa,South Africa,gas_rc,year,year,GWa,1.0,2040,2040
375,rc_therm,useful,M1,South Africa,South Africa,gas_rc,year,year,GWa,1.0,2050,2050
376,rc_therm,useful,M1,South Africa,South Africa,biomass_rc,year,year,GWa,1.0,1995,1995
377,rc_therm,useful,M1,South Africa,South Africa,biomass_rc,year,year,GWa,1.0,2000,2000
378,rc_therm,useful,M1,South Africa,South Africa,biomass_rc,year,year,GWa,1.0,2005,2005
379,rc_therm,useful,M1,South Africa,South Africa,biomass_rc,year,year,GWa,1.0,2010,2010
380,rc_therm,useful,M1,South Africa,South Africa,biomass_rc,year,year,GWa,1.0,2020,2020
381,rc_therm,useful,M1,South Africa,South Africa,biomass_rc,year,year,GWa,1.0,2030,2030
382,rc_therm,useful,M1,South Africa,South Africa,biomass_rc,year,year,GWa,1.0,2040,2040
383,rc_therm,useful,M1,South Africa,South Africa,biomass_rc,year,year,GWa,1.0,2050,2050
384,non-comm,useful,M1,South Africa,South Africa,biomass_nc,year,year,GWa,1.0,1990,1990
385,non-comm,useful,M1,South Africa,South Africa,biomass_nc,year,year,GWa,1.0,1995,1995
386,non-comm,useful,M1,South Africa,South Africa,biomass_nc,year,year,GWa,1.0,2000,2000
387,non-comm,useful,M1,South Africa,South Africa,biomass_nc,year,year,GWa,1.0,2005,2005
388,non-comm,useful,M1,South Africa,South Africa,biomass_nc,year,year,GWa,1.0,2010,2010
389,non-comm,useful,M1,South Africa,South Africa,biomass_nc,year,year,GWa,1.0,2020,2020
390,non-comm,useful,M1,South Africa,South Africa,biomass_nc,year,year,GWa,1.0,2030,2030
391,non-comm,useful,M1,South Africa,South Africa,biomass_nc,year,year,GWa,1.0,2040,2040
392,non-comm,useful,M1,South Africa,South Africa,biomass_nc,year,year,GWa,1.0,2050,2050
393,transport,useful,M1,South Africa,South Africa,foil_trp,year,year,GWa,1.0,1990,1990
394,transport,useful,M1,South Africa,South Africa,foil_trp,year,year,GWa,1.0,1995,1995
395,transport,useful,M1,South Africa,South Africa,foil_trp,year,year,GWa,1.0,2000,2000
396,transport,useful,M1,South Africa,South Africa,foil_trp,year,year,GWa,1.0,2005,2005
397,transport,useful,M1,South Africa,South Africa,foil_trp,year,year,GWa,1.0,2010,2010
398,transport,useful,M1,South Africa,South Africa,foil_trp,year,year,GWa,1.0,2020,2020
399,transport,useful,M1,South Africa,South Africa,foil_trp,year,year,GWa,1.0,2030,2030
400,transport,useful,M1,South Africa,South Africa,foil_trp,year,year,GWa,1.0,2040,2040
401,transport,useful,M1,South Africa,South Africa,foil_trp,year,year,GWa,1.0,2050,2050
402,transport,useful,M1,South Africa,South Africa,loil_trp,year,year,GWa,1.0,1990,1990
403,transport,useful,M1,South Africa,South Africa,loil_trp,year,year,GWa,1.0,1995,1995
404,transport,useful,M1,South Africa,South Africa,loil_trp,year,year,GWa,1.0,2000,2000
405,transport,useful,M1,South Africa,South Africa,loil_trp,year,year,GWa,1.0,2005,2005
406,transport,useful,M1,South Africa,South Africa,loil_trp,year,year,GWa,1.0,2010,2010
407,transport,useful,M1,South Africa,South Africa,loil_trp,year,year,GWa,1.0,2020,2020
408,transport,useful,M1,South Africa,South Africa,loil_trp,year,year,GWa,1.0,2030,2030
409,transport,useful,M1,South Africa,South Africa,loil_trp,year,year,GWa,1.0,2040,2040
410,transport,useful,M1,South Africa,South Africa,loil_trp,year,year,GWa,1.0,2050,2050
411,transport,useful,M1,South Africa,South Africa,gas_trp,year,year,GWa,1.0,1995,1995
412,transport,useful,M1,South Africa,South Africa,gas_trp,year,year,GWa,1.0,2000,2000
413,transport,useful,M1,South Africa,South Africa,gas_trp,year,year,GWa,1.0,2005,2005
414,transport,useful,M1,South Africa,South Africa,gas_trp,year,year,GWa,1.0,2010,2010
415,transport,useful,M1,South Africa,South Africa,gas_trp,year,year,GWa,1.0,2020,2020
416,transport,useful,M1,South Africa,South Africa,gas_trp,year,year,GWa,1.0,2030,2030
417,transport,useful,M1,South Africa,South Africa,gas_trp,year,year,GWa,1.0,2040,2040
418,transport,useful,M1,South Africa,South Africa,gas_trp,year,year,GWa,1.0,2050,2050
419,transport,useful,M1,South Africa,South Africa,elec_trp,year,year,GWa,1.0,1990,1990
420,transport,useful,M1,South Africa,South Africa,elec_trp,year,year,GWa,1.0,1995,1995
421,transport,useful,M1,South Africa,South Africa,elec_trp,year,year,GWa,1.0,2000,2000
422,transport,useful,M1,South Africa,South Africa,elec_trp,year,year,GWa,1.0,2005,2005
423,transport,useful,M1,South Africa,South Africa,elec_trp,year,year,GWa,1.0,2010,2010
424,transport,useful,M1,South Africa,South Africa,elec_trp,year,year,GWa,1.0,2020,2020
425,transport,useful,M1,South Africa,South Africa,elec_trp,year,year,GWa,1.0,2030,2030
426,transport,useful,M1,South Africa,South Africa,elec_trp,year,year,GWa,1.0,2040,2040
427,transport,useful,M1,South Africa,South Africa,elec_trp,year,year,GWa,1.0,2050,2050
428,gas,final,M1,South Africa,South Africa,gas_t_d,year,year,GWa,1.0,2020,2005
429,electr,secondary,M1,South Africa,South Africa,foil_ppl,year,year,GWa,1.0,2030,2000
430,electr,final,M1,South Africa,South Africa,elec_t_d,year,year,GWa,1.0,2040,2005
431,i_therm,useful,M1,South Africa,South Africa,gas_i,year,year,GWa,1.0,2010,2000
432,electr,secondary,M1,South Africa,South Africa,gas_ppl,year,year,GWa,1.0,2005,2000
433,electr,secondary,M1,South Africa,South Africa,gas_ppl,year,year,GWa,1.0,2020,2000
434,i_therm,useful,M1,South Africa,South Africa,coal_i,year,year,GWa,1.0,2020,1995
435,methanol,primary,M1,South Africa,South Africa,meth_ng_ccs,year,year,GWa,1.0,2050,2030
436,electr,secondary,M1,South Africa,South Africa,syn_liq_ccs,year,year,GWa,0.09090909,2030,2020
437,fueloil,secondary,M1,South Africa,South Africa,ref_hil,year,year,GWa,0.05263158,2040,2020
438,methanol,primary,M1,South Africa,South Africa,meth_ng,year,year,GWa,1.0,2050,2040
439,electr,secondary,M1,South Africa,South Africa,foil_ppl,year,year,GWa,1.0,2010,2000
440,electr,secondary,M1,South Africa,South Africa,loil_ppl,year,year,GWa,1.0,2010,2000
441,i_therm,useful,M1,South Africa,South Africa,loil_i,year,year,GWa,1.0,2050,2030
442,i_therm,useful,M1,South Africa,South Africa,elec_i,year,year,GWa,1.0,2000,1990
443,electr,secondary,M1,South Africa,South Africa,meth_coal,year,year,GWa,0.03846154,2030,2020
444,electr,secondary,M1,South Africa,South Africa,gas_ct,year,year,GWa,1.0,2020,2005
445,i_therm,useful,M1,South Africa,South Africa,coal_i,year,year,GWa,1.0,2000,1990
446,i_therm,useful,M1,South Africa,South Africa,foil_i,year,year,GWa,1.0,2010,1990
447,gas,final,M1,South Africa,South Africa,gas_t_d,year,year,GWa,1.0,2050,2010
448,electr,secondary,M1,South Africa,South Africa,gas_cc_ccs,year,year,GWa,1.0,2030,2020
449,electr,secondary,M1,South Africa,South Africa,gas_cc,year,year,GWa,1.0,2005,1995
450,i_therm,useful,M1,South Africa,South Africa,coal_i,year,year,GWa,1.0,2005,1995
451,i_therm,useful,M1,South Africa,South Africa,biomass_i,year,year,GWa,1.0,2020,1995
452,electr,final,M1,South Africa,South Africa,elec_t_d,year,year,GWa,1.0,2010,2000
453,gas,secondary,M1,South Africa,South Africa,coal_gas,year,year,GWa,1.0,2040,2030
454,electr,secondary,M1,South Africa,South Africa,gas_cc,year,year,GWa,1.0,2020,2010
455,electr,secondary,M1,South Africa,South Africa,coal_adv_ccs,year,year,GWa,1.0,2030,2020
456,electr,secondary,M1,South Africa,South Africa,meth_ng_ccs,year,year,GWa,0.0,2030,2020
457,lightoil,secondary,M1,South Africa,South Africa,ref_hil,year,year,GWa,0.94736844,2030,2000
458,electr,secondary,M1,South Africa,South Africa,loil_ppl,year,year,GWa,1.0,2030,2000
459,lightoil,secondary,M1,South Africa,South Africa,ref_hil,year,year,GWa,0.9361702,2020,1995
460,fueloil,secondary,M1,South Africa,South Africa,ref_hil,year,year,GWa,0.08695652,2000,1995
461,electr,secondary,M1,South Africa,South Africa,gas_cc,year,year,GWa,1.0,2040,2010
462,electr,secondary,M1,South Africa,South Africa,coal_ppl,year,year,GWa,1.0,2020,2005
463,i_therm,useful,M1,South Africa,South Africa,coal_i,year,year,GWa,1.0,2020,2010
464,i_therm,useful,M1,South Africa,South Africa,loil_i,year,year,GWa,1.0,2005,2000
465,electr,secondary,M1,South Africa,South Africa,coal_adv,year,year,GWa,1.0,2040,2010
466,electr,secondary,M1,South Africa,South Africa,bio_istig,year,year,GWa,1.0,2050,2040
467,electr,final,M1,South Africa,South Africa,elec_t_d,year,year,GWa,1.0,2040,1990
468,i_therm,useful,M1,South Africa,South Africa,loil_i,year,year,GWa,1.0,2010,1990
469,electr,secondary,M1,South Africa,South Africa,gas_ppl,year,year,GWa,1.0,2050,2030
470,gas,final,M1,South Africa,South Africa,gas_t_d,year,year,GWa,1.0,2030,2010
471,electr,secondary,M1,South Africa,South Africa,gas_ct,year,year,GWa,1.0,2005,1990
472,electr,secondary,M1,South Africa,South Africa,loil_ppl,year,year,GWa,1.0,2005,1995
473,lightoil,secondary,M1,South Africa,South Africa,ref_hil,year,year,GWa,0.9189189,2005,1995
474,electr,secondary,M1,South Africa,South Africa,gas_ppl,year,year,GWa,1.0,2040,2020
475,i_therm,useful,M1,South Africa,South Africa,foil_i,year,year,GWa,1.0,2050,2030
476,i_therm,useful,M1,South Africa,South Africa,gas_i,year,year,GWa,1.0,2030,2020
477,electr,final,M1,South Africa,South Africa,elec_t_d,year,year,GWa,1.0,2020,1990
478,i_therm,useful,M1,South Africa,South Africa,foil_i,year,year,GWa,1.0,2040,2020
479,lightoil,secondary,M1,South Africa,South Africa,syn_liq,year,year,GWa,1.0,2050,2040
480,coal,primary,M1,South Africa,South Africa,coal_extr,year,year,GWa,1.0,2020,2010
481,electr,secondary,M1,South Africa,South Africa,igcc,year,year,GWa,1.0,2040,2010
482,fueloil,secondary,M1,South Africa,South Africa,ref_hil,year,year,GWa,0.06382979,2020,2000
483,i_therm,useful,M1,South Africa,South Africa,biomass_i,year,year,GWa,1.0,2050,2030
484,electr,secondary,M1,South Africa,South Africa,gas_ct,year,year,GWa,1.0,2020,1990
485,i_therm,useful,M1,South Africa,South Africa,foil_i,year,year,GWa,1.0,2030,2005
486,electr,secondary,M1,South Africa,South Africa,foil_ppl,year,year,GWa,1.0,2020,2010
487,gas,secondary,M1,South Africa,South Africa,gas_bio,year,year,GWa,1.0,2030,2020
488,gas,final,M1,South Africa,South Africa,gas_t_d,year,year,GWa,1.0,2030,1995
489,electr,secondary,M1,South Africa,South Africa,gas_ct,year,year,GWa,1.0,2040,2030
490,non-comm,useful,M1,South Africa,South Africa,biomass_nc,year,year,GWa,1.0,2020,2010
491,i_therm,useful,M1,South Africa,South Africa,coal_i,year,year,GWa,1.0,2010,2005
492,electr,final,M1,South Africa,South Africa,elec_t_d,year,year,GWa,1.0,2030,2020
493,i_therm,useful,M1,South Africa,South Africa,biomass_i,year,year,GWa,1.0,2030,2005
494,electr,secondary,M1,South Africa,South Africa,gas_ppl,year,year,GWa,1.0,2010,1990
495,fueloil,secondary,M1,South Africa,South Africa,ref_hil,year,year,GWa,0.081081085,2005,2000
496,electr,secondary,M1,South Africa,South Africa,loil_ppl,year,year,GWa,1.0,2020,1990
497,gas,final,M1,South Africa,South Africa,gas_t_d,year,year,GWa,1.0,1995,1990
498,lightoil,secondary,M1,South Africa,South Africa,ref_hil,year,year,GWa,0.94736844,2040,2010
499,lightoil,secondary,M1,South Africa,South Africa,syn_liq,year,year,GWa,1.0,2040,2020
500,electr,final,M1,South Africa,South Africa,elec_t_d,year,year,GWa,1.0,2005,1995
501,i_therm,useful,M1,South Africa,South Africa,elec_i,year,year,GWa,1.0,2010,2005
502,electr,secondary,M1,South Africa,South Africa,meth_coal_ccs,year,year,GWa,0.01923077,2040,2030
503,electr,final,M1,South Africa,South Africa,elec_t_d,year,year,GWa,1.0,2050,2020
504,gas,final,M1,South Africa,South Africa,gas_t_d,year,year,GWa,1.0,2010,1995
505,electr,secondary,M1,South Africa,South Africa,gas_ct,year,year,GWa,1.0,2010,2000
506,i_therm,useful,M1,South Africa,South Africa,elec_i,year,year,GWa,1.0,2005,2000
507,electr,secondary,M1,South Africa,South Africa,coal_adv,year,year,GWa,1.0,2020,2010
508,gas,final,M1,South Africa,South Africa,gas_t_d,year,year,GWa,1.0,2005,1990
509,i_therm,useful,M1,South Africa,South Africa,loil_i,year,year,GWa,1.0,2030,2005
510,i_therm,useful,M1,South Africa,South Africa,loil_i,year,year,GWa,1.0,2000,1990
511,methanol,primary,M1,South Africa,South Africa,meth_ng_ccs,year,year,GWa,1.0,2040,2020
512,electr,final,M1,South Africa,South Africa,elec_t_d,year,year,GWa,1.0,2020,2010
513,gas,secondary,M1,South Africa,South Africa,coal_gas,year,year,GWa,1.0,2030,2020
514,gas,secondary,M1,South Africa,South Africa,gas_bio,year,year,GWa,1.0,2040,2030
515,i_therm,useful,M1,South Africa,South Africa,foil_i,year,year,GWa,1.0,2020,2000
516,electr,final,M1,South Africa,South Africa,elec_t_d,year,year,GWa,1.0,2030,2000
517,electr,secondary,M1,South Africa,South Africa,gas_ct,year,year,GWa,1.0,2030,2020
518,electr,secondary,M1,South Africa,South Africa,meth_coal_ccs,year,year,GWa,0.01923077,2030,2020
519,lightoil,secondary,M1,South Africa,South Africa,syn_liq_ccs,year,year,GWa,1.0,2040,2020
520,gas,final,M1,South Africa,South Africa,gas_t_d,year,year,GWa,1.0,2040,2030
521,electr,secondary,M1,South Africa,South Africa,bio_istig,year,year,GWa,1.0,2040,2020
522,electr,secondary,M1,South Africa,South Africa,coal_ppl,year,year,GWa,1.0,2040,2030
523,i_therm,useful,M1,South Africa,South Africa,foil_i,year,year,GWa,1.0,2000,1995
524,electr,secondary,M1,South Africa,South Africa,gas_cc,year,year,GWa,1.0,2020,1995
525,i_therm,useful,M1,South Africa,South Africa,biomass_i,year,year,GWa,1.0,2010,2005
526,methanol,primary,M1,South Africa,South Africa,meth_ng,year,year,GWa,1.0,2040,2020
527,lightoil,secondary,M1,South Africa,South Africa,syn_liq_ccs,year,year,GWa,1.0,2050,2030
528,i_therm,useful,M1,South Africa,South Africa,foil_i,year,year,GWa,1.0,2005,2000
529,electr,secondary,M1,South Africa,South Africa,igcc,year,year,GWa,1.0,2050,2030
530,electr,secondary,M1,South Africa,South Africa,gas_cc,year,year,GWa,1.0,2030,2000
531,electr,secondary,M1,South Africa,South Africa,foil_ppl,year,year,GWa,1.0,2005,1995
532,lightoil,secondary,M1,South Africa,South Africa,ref_hil,year,year,GWa,0.9247312,2010,2005
533,methanol,primary,M1,South Africa,South Africa,meth_coal,year,year,GWa,1.0,2050,2030
534,gas,final,M1,South Africa,South Africa,gas_t_d,year,year,GWa,1.0,2050,2040
535,electr,secondary,M1,South Africa,South Africa,gas_ppl,year,year,GWa,1.0,2030,2005
536,electr,secondary,M1,South Africa,South Africa,loil_ppl,year,year,GWa,1.0,2020,2010
537,electr,secondary,M1,South Africa,South Africa,bio_istig,year,year,GWa,1.0,2030,2010
538,i_therm,useful,M1,South Africa,South Africa,biomass_i,year,year,GWa,1.0,2005,2000
539,lightoil,secondary,M1,South Africa,South Africa,ref_hil,year,year,GWa,0.9361702,2020,2010
540,electr,secondary,M1,South Africa,South Africa,loil_ppl,year,year,GWa,1.0,2030,2020
541,i_therm,useful,M1,South Africa,South Africa,biomass_i,year,year,GWa,1.0,2040,2020
542,i_therm,useful,M1,South Africa,South Africa,elec_i,year,year,GWa,1.0,1995,1990
543,electr,secondary,M1,South Africa,South Africa,coal_ppl,year,year,GWa,1.0,2030,2000
544,i_therm,useful,M1,South Africa,South Africa,loil_i,year,year,GWa,1.0,2000,1995
545,electr,final,M1,South Africa,South Africa,elec_t_d,year,year,GWa,1.0,2030,2005
546,electr,secondary,M1,South Africa,South Africa,meth_ng,year,year,GWa,0.0,2040,2020
547,methanol,primary,M1,South Africa,South Africa,meth_coal,year,year,GWa,1.0,2050,2040
548,electr,secondary,M1,South Africa,South Africa,gas_ct,year,year,GWa,1.0,2040,2010
549,electr,secondary,M1,South Africa,South Africa,gas_ppl,year,year,GWa,1.0,2050,2040
550,lightoil,secondary,M1,South Africa,South Africa,ref_hil,year,year,GWa,0.9361702,2020,2000
551,electr,secondary,M1,South Africa,South Africa,loil_ppl,year,year,GWa,1.0,2030,2005
552,electr,secondary,M1,South Africa,South Africa,foil_ppl,year,year,GWa,1.0,2005,2000
553,electr,secondary,M1,South Africa,South Africa,syn_liq,year,year,GWa,0.13636364,2050,2030
554,methanol,primary,M1,South Africa,South Africa,meth_ng_ccs,year,year,GWa,1.0,2040,2030
555,electr,secondary,M1,South Africa,South Africa,syn_liq_ccs,year,year,GWa,0.09090909,2050,2030
556,electr,secondary,M1,South Africa,South Africa,coal_adv,year,year,GWa,1.0,2050,2030
557,electr,secondary,M1,South Africa,South Africa,foil_ppl,year,year,GWa,1.0,2050,2030
558,i_therm,useful,M1,South Africa,South Africa,coal_i,year,year,GWa,1.0,2050,2030
559,electr,secondary,M1,South Africa,South Africa,gas_ct,year,year,GWa,1.0,2020,2010
560,electr,secondary,M1,South Africa,South Africa,gas_ct,year,year,GWa,1.0,2010,2005
561,electr,final,M1,South Africa,South Africa,elec_t_d,year,year,GWa,1.0,2010,2005
562,i_therm,useful,M1,South Africa,South Africa,loil_i,year,year,GWa,1.0,2010,1995
563,electr,secondary,M1,South Africa,South Africa,gas_cc,year,year,GWa,1.0,2050,2030
564,gas,final,M1,South Africa,South Africa,gas_t_d,year,year,GWa,1.0,2040,2005
565,electr,secondary,M1,South Africa,South Africa,coal_ppl,year,year,GWa,1.0,2010,2000
566,i_therm,useful,M1,South Africa,South Africa,coal_i,year,year,GWa,1.0,2040,2020
567,electr,secondary,M1,South Africa,South Africa,coal_ppl,year,year,GWa,1.0,2005,1995
568,i_therm,useful,M1,South Africa,South Africa,loil_i,year,year,GWa,1.0,2020,2000
569,electr,final,M1,South Africa,South Africa,elec_t_d,year,year,GWa,1.0,2005,2000
570,electr,secondary,M1,South Africa,South Africa,syn_liq,year,year,GWa,0.13636364,2040,2020
571,i_therm,useful,M1,South Africa,South Africa,foil_i,year,year,GWa,1.0,2030,2010
572,electr,secondary,M1,South Africa,South Africa,foil_ppl,year,year,GWa,1.0,2030,2005
573,i_therm,useful,M1,South Africa,South Africa,loil_i,year,year,GWa,1.0,2050,2040
574,electr,final,M1,South Africa,South Africa,elec_t_d,year,year,GWa,1.0,2040,2010
575,lightoil,secondary,M1,South Africa,South Africa,syn_liq,year,year,GWa,1.0,2040,2030
576,fueloil,secondary,M1,South Africa,South Africa,ref_hil,year,year,GWa,0.05263158,2040,2030
577,electr,secondary,M1,South Africa,South Africa,loil_ppl,year,year,GWa,1.0,2050,2030
578,fueloil,secondary,M1,South Africa,South Africa,ref_hil,year,year,GWa,0.07526882,2010,1995
579,i_therm,useful,M1,South Africa,South Africa,elec_i,year,year,GWa,1.0,2000,1995
580,i_therm,useful,M1,South Africa,South Africa,loil_i,year,year,GWa,1.0,1995,1990
581,electr,secondary,M1,South Africa,South Africa,meth_ng,year,year,GWa,0.0,2050,2030
582,gas,final,M1,South Africa,South Africa,gas_t_d,year,year,GWa,1.0,2020,1990
583,methanol,primary,M1,South Africa,South Africa,meth_ng_ccs,year,year,GWa,1.0,2050,2040
584,electr,secondary,M1,South Africa,South Africa,foil_ppl,year,year,GWa,1.0,2010,2005
585,gas,final,M1,South Africa,South Africa,gas_t_d,year,year,GWa,1.0,2010,2000
586,methanol,primary,M1,South Africa,South Africa,meth_ng,year,year,GWa,1.0,2040,2030
587,methanol,primary,M1,South Africa,South Africa,meth_ng,year,year,GWa,1.0,2030,2020
588,lightoil,secondary,M1,South Africa,South Africa,ref_hil,year,year,GWa,0.94736844,2050,2030
589,electr,secondary,M1,South Africa,South Africa,bio_istig,year,year,GWa,1.0,2040,2030
590,i_therm,useful,M1,South Africa,South Africa,elec_i,year,year,GWa,1.0,2020,2000
591,lightoil,secondary,M1,South Africa,South Africa,syn_liq_ccs,year,year,GWa,1.0,2040,2030
592,i_therm,useful,M1,South Africa,South Africa,elec_i,year,year,GWa,1.0,2010,1995
593,i_therm,useful,M1,South Africa,South Africa,coal_i,year,year,GWa,1.0,2010,1990
594,electr,secondary,M1,South Africa,South Africa,bio_istig,year,year,GWa,1.0,2030,2020
595,electr,secondary,M1,South Africa,South Africa,gas_ppl,year,year,GWa,1.0,2030,2010
596,electr,secondary,M1,South Africa,South Africa,foil_ppl,year,year,GWa,1.0,2040,2010
597,lightoil,secondary,M1,South Africa,South Africa,ref_hil,year,year,GWa,0.94736844,2040,2020
598,i_therm,useful,M1,South Africa,South Africa,foil_i,year,year,GWa,1.0,2020,2005
599,i_therm,useful,M1,South Africa,South Africa,gas_i,year,year,GWa,1.0,2020,2010
600,non-comm,useful,M1,South Africa,South Africa,biomass_nc,year,year,GWa,1.0,2005,2000
601,lightoil,secondary,M1,South Africa,South Africa,syn_liq_ccs,year,year,GWa,1.0,2050,2040
602,coal,primary,M1,South Africa,South Africa,coal_extr,year,year,GWa,1.0,2010,2005
603,i_therm,useful,M1,South Africa,South Africa,gas_i,year,year,GWa,1.0,2010,2005
604,i_therm,useful,M1,South Africa,South Africa,biomass_i,year,year,GWa,1.0,2030,2010
605,non-comm,useful,M1,South Africa,South Africa,biomass_nc,year,year,GWa,1.0,2010,2005
606,electr,secondary,M1,South Africa,South Africa,igcc_ccs,year,year,GWa,1.0,2050,2030
607,electr,secondary,M1,South Africa,South Africa,loil_ppl,year,year,GWa,1.0,2000,1990
608,gas,secondary,M1,South Africa,South Africa,coal_gas,year,year,GWa,1.0,2020,2010
609,i_therm,useful,M1,South Africa,South Africa,coal_i,year,year,GWa,1.0,2030,2005
610,electr,final,M1,South Africa,South Africa,elec_t_d,year,year,GWa,1.0,2040,1995
611,electr,secondary,M1,South Africa,South Africa,gas_ct,year,year,GWa,1.0,2005,1995
612,lightoil,secondary,M1,South Africa,South Africa,syn_liq,year,year,GWa,1.0,2030,2020
613,i_therm,useful,M1,South Africa,South Africa,elec_i,year,year,GWa,1.0,2050,2040
614,fueloil,secondary,M1,South Africa,South Africa,ref_hil,year,year,GWa,0.05263158,2050,2040
615,i_therm,useful,M1,South Africa,South Africa,biomass_i,year,year,GWa,1.0,2050,2040
616,electr,final,M1,South Africa,South Africa,elec_t_d,year,year,GWa,1.0,2000,1990
617,gas,final,M1,South Africa,South Africa,gas_t_d,year,year,GWa,1.0,2005,1995
618,electr,secondary,M1,South Africa,South Africa,gas_cc,year,year,GWa,1.0,2030,2005
619,i_therm,useful,M1,South Africa,South Africa,loil_i,year,year,GWa,1.0,2030,2010
620,electr,secondary,M1,South Africa,South Africa,coal_ppl,year,year,GWa,1.0,2020,2010
621,i_therm,useful,M1,South Africa,South Africa,gas_i,year,year,GWa,1.0,2000,1990
622,gas,final,M1,South Africa,South Africa,gas_t_d,year,year,GWa,1.0,2050,2020
623,i_therm,useful,M1,South Africa,South Africa,foil_i,year,year,GWa,1.0,2050,2040
624,electr,secondary,M1,South Africa,South Africa,meth_ng_ccs,year,year,GWa,0.0,2050,2030
625,i_therm,useful,M1,South Africa,South Africa,coal_i,year,year,GWa,1.0,2005,2000
626,electr,secondary,M1,South Africa,South Africa,gas_cc_ccs,year,year,GWa,1.0,2050,2030
627,electr,secondary,M1,South Africa,South Africa,loil_ppl,year,year,GWa,1.0,2010,1990
628,electr,final,M1,South Africa,South Africa,elec_t_d,year,year,GWa,1.0,2050,2030
629,i_therm,useful,M1,South Africa,South Africa,gas_i,year,year,GWa,1.0,2020,1995
630,electr,secondary,M1,South Africa,South Africa,gas_cc,year,year,GWa,1.0,2010,2005
631,electr,secondary,M1,South Africa,South Africa,loil_ppl,year,year,GWa,1.0,2020,1995
632,gas,final,M1,South Africa,South Africa,gas_t_d,year,year,GWa,1.0,2030,2000
633,electr,secondary,M1,South Africa,South Africa,gas_cc,year,year,GWa,1.0,2005,2000
634,methanol,primary,M1,South Africa,South Africa,meth_coal_ccs,year,year,GWa,1.0,2040,2020
635,lightoil,secondary,M1,South Africa,South Africa,ref_hil,year,year,GWa,0.94736844,2030,2005
636,electr,secondary,M1,South Africa,South Africa,gas_ct,year,year,GWa,1.0,2000,1990
637,i_therm,useful,M1,South Africa,South Africa,coal_i,year,year,GWa,1.0,2020,2000
638,electr,secondary,M1,South Africa,South Africa,coal_adv_ccs,year,year,GWa,1.0,2050,2030
639,gas,final,M1,South Africa,South Africa,gas_t_d,year,year,GWa,1.0,2020,2010
640,electr,secondary,M1,South Africa,South Africa,gas_ppl,year,year,GWa,1.0,2010,1995
641,electr,final,M1,South Africa,South Africa,elec_t_d,year,year,GWa,1.0,2050,2000
642,i_therm,useful,M1,South Africa,South Africa,elec_i,year,year,GWa,1.0,2030,2010
643,electr,secondary,M1,South Africa,South Africa,foil_ppl,year,year,GWa,1.0,2020,1995
644,electr,secondary,M1,South Africa,South Africa,igcc_ccs,year,year,GWa,1.0,2040,2020
645,gas,secondary,M1,South Africa,South Africa,gas_bio,year,year,GWa,1.0,2020,2010
646,electr,secondary,M1,South Africa,South Africa,coal_ppl,year,year,GWa,1.0,2030,2020
647,i_therm,useful,M1,South Africa,South Africa,loil_i,year,year,GWa,1.0,2040,2020
648,electr,secondary,M1,South Africa,South Africa,loil_ppl,year,year,GWa,1.0,2040,2010
649,i_therm,useful,M1,South Africa,South Africa,gas_i,year,year,GWa,1.0,2005,1995
650,i_therm,useful,M1,South Africa,South Africa,foil_i,year,year,GWa,1.0,2040,2030
651,i_therm,useful,M1,South Africa,South Africa,biomass_i,year,year,GWa,1.0,2010,1995
652,electr,secondary,M1,South Africa,South Africa,gas_ppl,year,year,GWa,1.0,1995,1990
653,electr,final,M1,South Africa,South Africa,elec_t_d,year,year,GWa,1.0,2010,1990
654,i_therm,useful,M1,South Africa,South Africa,biomass_i,year,year,GWa,1.0,2020,2000
655,electr,secondary,M1,South Africa,South Africa,loil_ppl,year,year,GWa,1.0,2010,2005
656,electr,secondary,M1,South Africa,South Africa,foil_ppl,year,year,GWa,1.0,2000,1990
657,electr,secondary,M1,South Africa,South Africa,gas_ct,year,year,GWa,1.0,2030,2000
658,electr,secondary,M1,South Africa,South Africa,gas_ct,year,year,GWa,1.0,2020,1995
659,electr,secondary,M1,South Africa,South Africa,foil_ppl,year,year,GWa,1.0,2010,1990
660,electr,secondary,M1,South Africa,South Africa,igcc,year,year,GWa,1.0,2040,2020
661,lightoil,secondary,M1,South Africa,South Africa,ref_hil,year,year,GWa,0.9189189,2005,2000
662,fueloil,secondary,M1,South Africa,South Africa,ref_hil,year,year,GWa,0.06382979,2020,2005
663,i_therm,useful,M1,South Africa,South Africa,foil_i,year,year,GWa,1.0,2010,1995
664,electr,secondary,M1,South Africa,South Africa,gas_ppl,year,year,GWa,1.0,2000,1995
665,fueloil,secondary,M1,South Africa,South Africa,ref_hil,year,year,GWa,0.05263158,2030,2010
666,methanol,primary,M1,South Africa,South Africa,meth_coal,year,year,GWa,1.0,2040,2020
667,gas,final,M1,South Africa,South Africa,gas_t_d,year,year,GWa,1.0,2030,2020
668,electr,final,M1,South Africa,South Africa,elec_t_d,year,year,GWa,1.0,2020,1995
669,methanol,primary,M1,South Africa,South Africa,meth_coal_ccs,year,year,GWa,1.0,2050,2030
670,i_therm,useful,M1,South Africa,South Africa,foil_i,year,year,GWa,1.0,1995,1990
671,i_therm,useful,M1,South Africa,South Africa,biomass_i,year,year,GWa,1.0,2000,1995
672,i_therm,useful,M1,South Africa,South Africa,gas_i,year,year,GWa,1.0,2005,2000
673,electr,secondary,M1,South Africa,South Africa,gas_ppl,year,year,GWa,1.0,2010,2000
674,methanol,primary,M1,South Africa,South Africa,meth_coal_ccs,year,year,GWa,1.0,2040,2030
675,gas,final,M1,South Africa,South Africa,gas_t_d,year,year,GWa,1.0,2030,2005
676,gas,final,M1,South Africa,South Africa,gas_t_d,year,year,GWa,1.0,2010,2005
677,i_therm,useful,M1,South Africa,South Africa,elec_i,year,year,GWa,1.0,2005,1990
678,i_therm,useful,M1,South Africa,South Africa,loil_i,year,year,GWa,1.0,2040,2030
679,electr,secondary,M1,South Africa,South Africa,meth_coal,year,year,GWa,0.03846154,2040,2020
680,electr,secondary,M1,South Africa,South Africa,coal_ppl,year,year,GWa,1.0,2005,2000
681,i_therm,useful,M1,South Africa,South Africa,coal_i,year,year,GWa,1.0,2010,1995
682,i_therm,useful,M1,South Africa,South Africa,gas_i,year,year,GWa,1.0,2020,2000
683,fueloil,secondary,M1,South Africa,South Africa,ref_hil,year,year,GWa,0.05263158,2030,2020
684,electr,secondary,M1,South Africa,South Africa,syn_liq_ccs,year,year,GWa,0.09090909,2040,2020
685,i_therm,useful,M1,South Africa,South Africa,foil_i,year,year,GWa,1.0,2030,2020
686,fueloil,secondary,M1,South Africa,South Africa,ref_hil,year,year,GWa,0.06382979,2020,2010
687,electr,secondary,M1,South Africa,South Africa,gas_cc_ccs,year,year,GWa,1.0,2040,2020
688,electr,secondary,M1,South Africa,South Africa,foil_ppl,year,year,GWa,1.0,2050,2040
689,electr,secondary,M1,South Africa,South Africa,meth_ng_ccs,year,year,GWa,0.0,2040,2020
690,electr,secondary,M1,South Africa,South Africa,gas_ppl,year,year,GWa,1.0,2040,2030
691,electr,final,M1,South Africa,South Africa,elec_t_d,year,year,GWa,1.0,2050,2040
692,electr,secondary,M1,South Africa,South Africa,coal_adv,year,year,GWa,1.0,2040,2020
693,electr,secondary,M1,South Africa,South Africa,gas_ct,year,year,GWa,1.0,2030,2005
694,gas,secondary,M1,South Africa,South Africa,coal_gas,year,year,GWa,1.0,2050,2030
695,i_therm,useful,M1,South Africa,South Africa,loil_i,year,year,GWa,1.0,2010,2000
696,electr,secondary,M1,South Africa,South Africa,loil_ppl,year,year,GWa,1.0,2020,2000
697,lightoil,secondary,M1,South Africa,South Africa,ref_hil,year,year,GWa,0.9247312,2010,1995
698,electr,secondary,M1,South Africa,South Africa,coal_adv_ccs,year,year,GWa,1.0,2040,2020
699,electr,secondary,M1,South Africa,South Africa,gas_cc,year,year,GWa,1.0,2000,1995
700,i_therm,useful,M1,South Africa,South Africa,elec_i,year,year,GWa,1.0,2030,2020
701,electr,secondary,M1,South Africa,South Africa,gas_cc,year,year,GWa,1.0,2030,2010
702,electr,secondary,M1,South Africa,South Africa,coal_ppl,year,year,GWa,1.0,2030,2005
703,i_therm,useful,M1,South Africa,South Africa,coal_i,year,year,GWa,1.0,1995,1990
704,i_therm,useful,M1,South Africa,South Africa,coal_i,year,year,GWa,1.0,2000,1995
705,electr,secondary,M1,South Africa,South Africa,gas_cc,year,year,GWa,1.0,2040,2020
706,electr,secondary,M1,South Africa,South Africa,igcc_ccs,year,year,GWa,1.0,2050,2040
707,i_therm,useful,M1,South Africa,South Africa,gas_i,year,year,GWa,1.0,2000,1995
708,gas,secondary,M1,South Africa,South Africa,gas_bio,year,year,GWa,1.0,2050,2030
709,electr,secondary,M1,South Africa,South Africa,meth_coal,year,year,GWa,0.03846154,2050,2030
710,i_therm,useful,M1,South Africa,South Africa,loil_i,year,year,GWa,1.0,2030,2020
711,electr,secondary,M1,South Africa,South Africa,meth_coal_ccs,year,year,GWa,0.01923077,2050,2030
712,methanol,primary,M1,South Africa,South Africa,meth_ng_ccs,year,year,GWa,1.0,2030,2020
713,electr,secondary,M1,South Africa,South Africa,foil_ppl,year,year,GWa,1.0,1995,1990
714,gas,secondary,M1,South Africa,South Africa,coal_gas,year,year,GWa,1.0,2040,2020
715,electr,secondary,M1,South Africa,South Africa,gas_cc,year,year,GWa,1.0,2020,2000
716,i_therm,useful,M1,South Africa,South Africa,gas_i,year,year,GWa,1.0,2030,2005
717,i_therm,useful,M1,South Africa,South Africa,coal_i,year,year,GWa,1.0,2050,2040
718,electr,secondary,M1,South Africa,South Africa,gas_cc,year,year,GWa,1.0,2010,1995
719,electr,secondary,M1,South Africa,South Africa,coal_ppl,year,year,GWa,1.0,2050,2030
720,electr,final,M1,South Africa,South Africa,elec_t_d,year,year,GWa,1.0,2020,2000
721,electr,secondary,M1,South Africa,South Africa,foil_ppl,year,year,GWa,1.0,2000,1995
722,non-comm,useful,M1,South Africa,South Africa,biomass_nc,year,year,GWa,1.0,2000,1995
723,lightoil,secondary,M1,South Africa,South Africa,syn_liq_ccs,year,year,GWa,1.0,2030,2020
724,gas,final,M1,South Africa,South Africa,gas_t_d,year,year,GWa,1.0,2050,2030
725,electr,secondary,M1,South Africa,South Africa,bio_istig,year,year,GWa,1.0,2020,2010
726,methanol,primary,M1,South Africa,South Africa,meth_coal_ccs,year,year,GWa,1.0,2050,2040
727,non-comm,useful,M1,South Africa,South Africa,biomass_nc,year,year,GWa,1.0,1995,1990
728,coal,primary,M1,South Africa,South Africa,coal_extr,year,year,GWa,1.0,2000,1995
729,methanol,primary,M1,South Africa,South Africa,meth_coal,year,year,GWa,1.0,2040,2030
730,i_therm,useful,M1,South Africa,South Africa,biomass_i,year,year,GWa,1.0,2020,2005
731,electr,secondary,M1,South Africa,South Africa,gas_ppl,year,year,GWa,1.0,2020,2005
732,coal,primary,M1,South Africa,South Africa,coal_extr,year,year,GWa,1.0,2005,2000
733,electr,final,M1,South Africa,South Africa,elec_t_d,year,year,GWa,1.0,2050,2005
734,electr,secondary,M1,South Africa,South Africa,foil_ppl,year,year,GWa,1.0,2020,2000
735,electr,secondary,M1,South Africa,South Africa,foil_ppl,year,year,GWa,1.0,2010,1995
736,electr,final,M1,South Africa,South Africa,elec_t_d,year,year,GWa,1.0,2040,2000
737,i_therm,useful,M1,South Africa,South Africa,foil_i,year,year,GWa,1.0,2010,2000
738,methanol,primary,M1,South Africa,South Africa,meth_coal,year,year,GWa,1.0,2030,2020
739,electr,secondary,M1,South Africa,South Africa,gas_ct,year,year,GWa,1.0,2050,2030
740,electr,secondary,M1,South Africa,South Africa,gas_ppl,year,year,GWa,1.0,2020,1990
741,lightoil,secondary,M1,South Africa,South Africa,ref_hil,year,year,GWa,0.94736844,2030,2010
742,electr,secondary,M1,South Africa,South Africa,loil_ppl,year,year,GWa,1.0,2040,2020
743,electr,secondary,M1,South Africa,South Africa,gas_cc,year,year,GWa,1.0,2050,2040
744,electr,secondary,M1,South Africa,South Africa,gas_ppl,year,year,GWa,1.0,2005,1990
745,electr,secondary,M1,South Africa,South Africa,igcc,year,year,GWa,1.0,2050,2040
746,electr,secondary,M1,South Africa,South Africa,foil_ppl,year,year,GWa,1.0,2030,2010
747,electr,secondary,M1,South Africa,South Africa,igcc,year,year,GWa,1.0,2040,2030
748,gas,final,M1,South Africa,South Africa,gas_t_d,year,year,GWa,1.0,2000,1990
749,i_therm,useful,M1,South Africa,South Africa,loil_i,year,year,GWa,1.0,2020,2005
750,electr,secondary,M1,South Africa,South Africa,syn_liq_ccs,year,year,GWa,0.09090909,2050,2040
751,i_therm,useful,M1,South Africa,South Africa,elec_i,year,year,GWa,1.0,2010,2000
752,i_therm,useful,M1,South Africa,South Africa,elec_i,year,year,GWa,1.0,2020,2005
753,electr,secondary,M1,South Africa,South Africa,coal_adv,year,year,GWa,1.0,2050,2040
754,electr,secondary,M1,South Africa,South Africa,meth_ng,year,year,GWa,0.0,2050,2040
755,gas,final,M1,South Africa,South Africa,gas_t_d,year,year,GWa,1.0,2010,1990
756,electr,secondary,M1,South Africa,South Africa,meth_ng_ccs,year,year,GWa,0.0,2050,2040
757,electr,secondary,M1,South Africa,South Africa,gas_ct,year,year,GWa,1.0,2005,2000
758,electr,secondary,M1,South Africa,South Africa,gas_ct,year,year,GWa,1.0,2040,2020
759,gas,final,M1,South Africa,South Africa,gas_t_d,year,year,GWa,1.0,2020,1995
760,electr,final,M1,South Africa,South Africa,elec_t_d,year,year,GWa,1.0,2000,1995
761,i_therm,useful,M1,South Africa,South Africa,gas_i,year,year,GWa,1.0,2010,1990
762,electr,secondary,M1,South Africa,South Africa,coal_ppl,year,year,GWa,1.0,2040,2010
763,electr,final,M1,South Africa,South Africa,elec_t_d,year,year,GWa,1.0,2040,2020
764,i_therm,useful,M1,South Africa,South Africa,coal_i,year,year,GWa,1.0,2030,2010
765,electr,final,M1,South Africa,South Africa,elec_t_d,year,year,GWa,1.0,2030,2010
766,i_therm,useful,M1,South Africa,South Africa,elec_i,year,year,GWa,1.0,2040,2030
767,electr,final,M1,South Africa,South Africa,elec_t_d,year,year,GWa,1.0,2050,1990
768,i_therm,useful,M1,South Africa,South Africa,biomass_i,year,year,GWa,1.0,2040,2030
769,electr,secondary,M1,South Africa,South Africa,loil_ppl,year,year,GWa,1.0,2000,1995
770,i_therm,useful,M1,South Africa,South Africa,loil_i,year,year,GWa,1.0,2005,1990
771,electr,secondary,M1,South Africa,South Africa,syn_liq,year,year,GWa,0.13636364,2050,2040
772,electr,secondary,M1,South Africa,South Africa,gas_ct,year,year,GWa,1.0,2010,1990
773,electr,secondary,M1,South Africa,South Africa,coal_adv,year,year,GWa,1.0,2030,2010
774,gas,final,M1,South Africa,South Africa,gas_t_d,year,year,GWa,1.0,2040,2010
775,electr,final,M1,South Africa,South Africa,elec_t_d,year,year,GWa,1.0,2030,1990
776,electr,secondary,M1,South Africa,South Africa,gas_ppl,year,year,GWa,1.0,2030,2020
777,electr,secondary,M1,South Africa,South Africa,coal_ppl,year,year,GWa,1.0,2020,1995
778,electr,secondary,M1,South Africa,South Africa,coal_ppl,year,year,GWa,1.0,2010,2005
779,electr,secondary,M1,South Africa,South Africa,foil_ppl,year,year,GWa,1.0,2040,2020
780,lightoil,secondary,M1,South Africa,South Africa,ref_hil,year,year,GWa,0.94736844,2050,2040
781,fueloil,secondary,M1,South Africa,South Africa,ref_hil,year,year,GWa,0.05263158,2030,2000
782,i_therm,useful,M1,South Africa,South Africa,foil_i,year,year,GWa,1.0,2005,1990
783,electr,secondary,M1,South Africa,South Africa,loil_ppl,year,year,GWa,1.0,2005,2000
784,lightoil,secondary,M1,South Africa,South Africa,ref_hil,year,year,GWa,0.9130435,2000,1995
785,electr,secondary,M1,South Africa,South Africa,igcc,year,year,GWa,1.0,2030,2010
786,fueloil,secondary,M1,South Africa,South Africa,ref_hil,year,year,GWa,0.07526882,2010,2000
787,i_therm,useful,M1,South Africa,South Africa,gas_i,year,year,GWa,1.0,2040,2020
788,i_therm,useful,M1,South Africa,South Africa,gas_i,year,year,GWa,1.0,2050,2030
789,fueloil,secondary,M1,South Africa,South Africa,ref_hil,year,year,GWa,0.081081085,2005,1995
790,electr,secondary,M1,South Africa,South Africa,syn_liq,year,year,GWa,0.13636364,2040,2030
791,electr,secondary,M1,South Africa,South Africa,meth_ng,year,year,GWa,0.0,2030,2020
792,electr,secondary,M1,South Africa,South Africa,coal_ppl,year,year,GWa,1.0,2020,2000
793,electr,secondary,M1,South Africa,South Africa,igcc,year,year,GWa,1.0,2020,2010
794,i_therm,useful,M1,South Africa,South Africa,gas_i,year,year,GWa,1.0,2050,2040
795,i_therm,useful,M1,South Africa,South Africa,biomass_i,year,year,GWa,1.0,2030,2020
796,electr,final,M1,South Africa,South Africa,elec_t_d,year,year,GWa,1.0,2020,2005
797,electr,secondary,M1,South Africa,South Africa,gas_cc,year,year,GWa,1.0,2030,2020
798,i_therm,useful,M1,South Africa,South Africa,coal_i,year,year,GWa,1.0,2030,2020
799,i_therm,useful,M1,South Africa,South Africa,foil_i,year,year,GWa,1.0,2020,1995
800,lightoil,secondary,M1,South Africa,South Africa,ref_hil,year,year,GWa,0.9247312,2010,2000
801,electr,secondary,M1,South Africa,South Africa,gas_ppl,year,year,GWa,1.0,2030,2000
802,electr,secondary,M1,South Africa,South Africa,coal_adv,year,year,GWa,1.0,2040,2030
803,i_therm,useful,M1,South Africa,South Africa,coal_i,year,year,GWa,1.0,2040,2030
804,electr,secondary,M1,South Africa,South Africa,foil_ppl,year,year,GWa,1.0,2040,2030
805,i_therm,useful,M1,South Africa,South Africa,loil_i,year,year,GWa,1.0,2020,1995
806,gas,secondary,M1,South Africa,South Africa,gas_bio,year,year,GWa,1.0,2050,2040
807,electr,secondary,M1,South Africa,South Africa,coal_ppl,year,year,GWa,1.0,2000,1995
808,electr,secondary,M1,South Africa,South Africa,syn_liq_ccs,year,year,GWa,0.09090909,2040,2030
809,electr,secondary,M1,South Africa,South Africa,coal_ppl,year,year,GWa,1.0,2010,1995
810,i_therm,useful,M1,South Africa,South Africa,loil_i,year,year,GWa,1.0,2005,1995
811,electr,secondary,M1,South Africa,South Africa,meth_ng,year,year,GWa,0.0,2040,2030
812,gas,secondary,M1,South Africa,South Africa,coal_gas,year,year,GWa,1.0,2050,2040
813,electr,secondary,M1,South Africa,South Africa,gas_ct,year,year,GWa,1.0,2030,2010
814,i_therm,useful,M1,South Africa,South Africa,elec_i,year,year,GWa,1.0,2020,2010
815,electr,secondary,M1,South Africa,South Africa,coal_adv,year,year,GWa,1.0,2030,2020
816,electr,secondary,M1,South Africa,South Africa,gas_ppl,year,year,GWa,1.0,2020,1995
817,coal,primary,M1,South Africa,South Africa,coal_extr,year,year,GWa,1.0,1995,1990
818,i_therm,useful,M1,South Africa,South Africa,gas_i,year,year,GWa,1.0,2010,1995
819,lightoil,secondary,M1,South Africa,South Africa,ref_hil,year,year,GWa,0.9361702,2020,2005
820,gas,secondary,M1,South Africa,South Africa,gas_bio,year,year,GWa,1.0,2030,2010
821,electr,secondary,M1,South Africa,South Africa,foil_ppl,year,year,GWa,1.0,2030,2020
822,gas,final,M1,South Africa,South Africa,gas_t_d,year,year,GWa,1.0,2040,2000
823,electr,secondary,M1,South Africa,South Africa,igcc,year,year,GWa,1.0,2030,2020
824,electr,secondary,M1,South Africa,South Africa,loil_ppl,year,year,GWa,1.0,2030,2010
825,fueloil,secondary,M1,South Africa,South Africa,ref_hil,year,year,GWa,0.07526882,2010,2005
826,electr,secondary,M1,South Africa,South Africa,igcc_ccs,year,year,GWa,1.0,2030,2020
827,electr,secondary,M1,South Africa,South Africa,meth_coal_ccs,year,year,GWa,0.01923077,2040,2020
828,electr,secondary,M1,South Africa,South Africa,foil_ppl,year,year,GWa,1.0,2005,1990
829,i_therm,useful,M1,South Africa,South Africa,biomass_i,year,year,GWa,1.0,2010,2000
830,fueloil,secondary,M1,South Africa,South Africa,ref_hil,year,year,GWa,0.05263158,2030,2005
831,i_therm,useful,M1,South Africa,South Africa,foil_i,year,year,GWa,1.0,2005,1995
832,electr,secondary,M1,South Africa,South Africa,loil_ppl,year,year,GWa,1.0,2020,2005
833,electr,final,M1,South Africa,South Africa,elec_t_d,year,year,GWa,1.0,2005,1990
834,i_therm,useful,M1,South Africa,South Africa,loil_i,year,year,GWa,1.0,2020,2010
835,i_therm,useful,M1,South Africa,South Africa,foil_i,year,year,GWa,1.0,2000,1990
836,gas,final,M1,South Africa,South Africa,gas_t_d,year,year,GWa,1.0,2040,2020
837,i_therm,useful,M1,South Africa,South Africa,gas_i,year,year,GWa,1.0,1995,1990
838,i_therm,useful,M1,South Africa,South Africa,biomass_i,year,year,GWa,1.0,2005,1995
839,i_therm,useful,M1,South Africa,South Africa,gas_i,year,year,GWa,1.0,2040,2030
840,electr,final,M1,South Africa,South Africa,elec_t_d,year,year,GWa,1.0,2030,1995
841,electr,secondary,M1,South Africa,South Africa,gas_ppl,year,year,GWa,1.0,2000,1990
842,methanol,primary,M1,South Africa,South Africa,meth_coal_ccs,year,year,GWa,1.0,2030,2020
843,fueloil,secondary,M1,South Africa,South Africa,ref_hil,year,year,GWa,0.05263158,2040,2010
844,electr,secondary,M1,South Africa,South Africa,gas_ppl,year,year,GWa,1.0,2005,1995
845,i_therm,useful,M1,South Africa,South Africa,coal_i,year,year,GWa,1.0,2020,2005
846,gas,secondary,M1,South Africa,South Africa,coal_gas,year,year,GWa,1.0,2030,2010
847,electr,final,M1,South Africa,South Africa,elec_t_d,year,year,GWa,1.0,2050,1995
848,gas,secondary,M1,South Africa,South Africa,gas_bio,year,year,GWa,1.0,2040,2020
849,electr,secondary,M1,South Africa,South Africa,loil_ppl,year,year,GWa,1.0,1995,1990
850,electr,secondary,M1,South Africa,South Africa,loil_ppl,year,year,GWa,1.0,2005,1990
851,electr,secondary,M1,South Africa,South Africa,coal_adv_ccs,year,year,GWa,1.0,2050,2040
852,i_therm,useful,M1,South Africa,South Africa,gas_i,year,year,GWa,1.0,2005,1990
853,electr,secondary,M1,South Africa,South Africa,meth_coal_ccs,year,year,GWa,0.01923077,2050,2040
854,electr,secondary,M1,South Africa,South Africa,gas_ppl,year,year,GWa,1.0,2020,2010
855,electr,secondary,M1,South Africa,South Africa,coal_ppl,year,year,GWa,1.0,2030,2010
856,electr,secondary,M1,South Africa,South Africa,gas_cc_ccs,year,year,GWa,1.0,2050,2040
857,electr,secondary,M1,South Africa,South Africa,gas_ct,year,year,GWa,1.0,2010,1995
858,i_therm,useful,M1,South Africa,South Africa,foil_i,year,year,GWa,1.0,2010,2005
859,electr,secondary,M1,South Africa,South Africa,foil_ppl,year,year,GWa,1.0,2020,1990
860,electr,secondary,M1,South Africa,South Africa,igcc_ccs,year,year,GWa,1.0,2040,2030
861,electr,final,M1,South Africa,South Africa,elec_t_d,year,year,GWa,1.0,2010,1995
862,i_therm,useful,M1,South Africa,South Africa,loil_i,year,year,GWa,1.0,2010,2005
863,electr,secondary,M1,South Africa,South Africa,meth_ng_ccs,year,year,GWa,0.0,2040,2030
864,electr,secondary,M1,South Africa,South Africa,coal_ppl,year,year,GWa,1.0,2040,2020
865,electr,secondary,M1,South Africa,South Africa,gas_ct,year,year,GWa,1.0,2020,2000
866,electr,secondary,M1,South Africa,South Africa,gas_cc_ccs,year,year,GWa,1.0,2040,2030
867,electr,secondary,M1,South Africa,South Africa,meth_coal,year,year,GWa,0.03846154,2050,2040
868,electr,secondary,M1,South Africa,South Africa,gas_cc,year,year,GWa,1.0,2010,2000
869,electr,secondary,M1,South Africa,South Africa,loil_ppl,year,year,GWa,1.0,2010,1995
870,i_therm,useful,M1,South Africa,South Africa,coal_i,year,year,GWa,1.0,2010,2000
871,electr,secondary,M1,South Africa,South Africa,gas_cc,year,year,GWa,1.0,2020,2005
872,electr,final,M1,South Africa,South Africa,elec_t_d,year,year,GWa,1.0,1995,1990
873,electr,secondary,M1,South Africa,South Africa,gas_ct,year,year,GWa,1.0,1995,1990
874,electr,secondary,M1,South Africa,South Africa,gas_ct,year,year,GWa,1.0,2000,1995
875,i_therm,useful,M1,South Africa,South Africa,foil_i,year,year,GWa,1.0,2020,2010
876,electr,secondary,M1,South Africa,South Africa,loil_ppl,year,year,GWa,1.0,2040,2030
877,fueloil,secondary,M1,South Africa,South Africa,ref_hil,year,year,GWa,0.05263158,2050,2030
878,electr,secondary,M1,South Africa,South Africa,foil_ppl,year,year,GWa,1.0,2020,2005
879,electr,secondary,M1,South Africa,South Africa,gas_ppl,year,year,GWa,1.0,2010,2005
880,electr,secondary,M1,South Africa,South Africa,coal_adv_ccs,year,year,GWa,1.0,2040,2030
881,electr,secondary,M1,South Africa,South Africa,gas_cc,year,year,GWa,1.0,2040,2030
882,gas,final,M1,South Africa,South Africa,gas_t_d,year,year,GWa,1.0,2030,1990
883,gas,final,M1,South Africa,South Africa,gas_t_d,year,year,GWa,1.0,2020,2000
884,fueloil,secondary,M1,South Africa,South Africa,ref_hil,year,year,GWa,0.06382979,2020,1995
885,gas,final,M1,South Africa,South Africa,gas_t_d,year,year,GWa,1.0,2005,2000
886,i_therm,useful,M1,South Africa,South Africa,gas_i,year,year,GWa,1.0,2020,2005
887,electr,final,M1,South Africa,South Africa,elec_t_d,year,year,GWa,1.0,2050,2010
888,electr,final,M1,South Africa,South Africa,elec_t_d,year,year,GWa,1.0,2040,2030
889,i_therm,useful,M1,South Africa,South Africa,elec_i,year,year,GWa,1.0,2005,1995
890,lightoil,secondary,M1,South Africa,South Africa,syn_liq,year,year,GWa,1.0,2050,2030
891,electr,secondary,M1,South Africa,South Africa,syn_liq,year,year,GWa,0.13636364,2030,2020
892,electr,secondary,M1,South Africa,South Africa,meth_coal,year,year,GWa,0.03846154,2040,2030
893,i_therm,useful,M1,South Africa,South Africa,coal_i,year,year,GWa,1.0,2005,1990
894,electr,secondary,M1,South Africa,South Africa,gas_ct,year,year,GWa,1.0,2050,2040
895,gas,final,M1,South Africa,South Africa,gas_t_d,year,year,GWa,1.0,2000,1995
896,methanol,primary,M1,South Africa,South Africa,meth_ng,year,year,GWa,1.0,2050,2030
897,i_therm,useful,M1,South Africa,South Africa,gas_i,year,year,GWa,1.0,2030,2010
898,electr,secondary,M1,South Africa,South Africa,coal_ppl,year,year,GWa,1.0,2050,2040
899,i_therm,useful,M1,South Africa,South Africa,biomass_i,year,year,GWa,1.0,2020,2010
900,electr,secondary,M1,South Africa,South Africa,loil_ppl,year,year,GWa,1.0,2050,2040
901,lightoil,secondary,M1,South Africa,South Africa,ref_hil,year,year,GWa,0.94736844,2040,2030
902,electr,secondary,M1,South Africa,South Africa,bio_istig,year,year,GWa,1.0,2050,2030
903,lightoil,secondary,M1,South Africa,South Africa,ref_hil,year,year,GWa,0.94736844,2030,2020
904,electr,secondary,M1,South Africa,South Africa,gas_ppl,year,year,GWa,1.0,2040,2010
905,electr,secondary,M1,South Africa,South Africa,gas_ppl,year,year,GWa,1.0,1990,1985
906,electr,secondary,M1,South Africa,South Africa,gas_ppl,year,year,GWa,1.0,2010,1985
907,electr,secondary,M1,South Africa,South Africa,gas_ppl,year,year,GWa,1.0,1995,1985
908,electr,secondary,M1,South Africa,South Africa,gas_ppl,year,year,GWa,1.0,2005,1985
909,electr,secondary,M1,South Africa,South Africa,gas_ppl,year,year,GWa,1.0,2000,1985
910,electr,final,M1,South Africa,South Africa,elec_t_d,year,year,GWa,1.0,1990,1965
911,electr,final,M1,South Africa,South Africa,elec_t_d,year,year,GWa,1.0,2020,1965
912,electr,final,M1,South Africa,South Africa,elec_t_d,year,year,GWa,1.0,2000,1965
913,electr,final,M1,South Africa,South Africa,elec_t_d,year,year,GWa,1.0,2010,1965
914,electr,final,M1,South Africa,South Africa,elec_t_d,year,year,GWa,1.0,2005,1965
915,electr,final,M1,South Africa,South Africa,elec_t_d,year,year,GWa,1.0,1995,1965
916,electr,final,M1,South Africa,South Africa,elec_t_d,year,year,GWa,1.0,1990,1970
917,electr,final,M1,South Africa,South Africa,elec_t_d,year,year,GWa,1.0,2020,1970
918,electr,final,M1,South Africa,South Africa,elec_t_d,year,year,GWa,1.0,2000,1970
919,electr,final,M1,South Africa,South Africa,elec_t_d,year,year,GWa,1.0,2010,1970
920,electr,final,M1,South Africa,South Africa,elec_t_d,year,year,GWa,1.0,2030,1970
921,electr,final,M1,South Africa,South Africa,elec_t_d,year,year,GWa,1.0,2005,1970
922,electr,final,M1,South Africa,South Africa,elec_t_d,year,year,GWa,1.0,1995,1970
923,electr,final,M1,South Africa,South Africa,elec_t_d,year,year,GWa,1.0,1990,1975
924,electr,final,M1,South Africa,South Africa,elec_t_d,year,year,GWa,1.0,2020,1975
925,electr,final,M1,South Africa,South Africa,elec_t_d,year,year,GWa,1.0,2000,1975
926,electr,final,M1,South Africa,South Africa,elec_t_d,year,year,GWa,1.0,2010,1975
927,electr,final,M1,South Africa,South Africa,elec_t_d,year,year,GWa,1.0,2030,1975
928,electr,final,M1,South Africa,South Africa,elec_t_d,year,year,GWa,1.0,2005,1975
929,electr,final,M1,South Africa,South Africa,elec_t_d,year,year,GWa,1.0,1995,1975
930,electr,final,M1,South Africa,South Africa,elec_t_d,year,year,GWa,1.0,1990,1980
931,electr,final,M1,South Africa,South Africa,elec_t_d,year,year,GWa,1.0,2040,1980
932,electr,final,M1,South Africa,South Africa,elec_t_d,year,year,GWa,1.0,2020,1980
933,electr,final,M1,South Africa,South Africa,elec_t_d,year,year,GWa,1.0,2000,1980
934,electr,final,M1,South Africa,South Africa,elec_t_d,year,year,GWa,1.0,2010,1980
935,electr,final,M1,South Africa,South Africa,elec_t_d,year,year,GWa,1.0,2030,1980
936,electr,final,M1,South Africa,South Africa,elec_t_d,year,year,GWa,1.0,2005,1980
937,electr,final,M1,South Africa,South Africa,elec_t_d,year,year,GWa,1.0,1995,1980
938,electr,final,M1,South Africa,South Africa,elec_t_d,year,year,GWa,1.0,1990,1985
939,electr,final,M1,South Africa,South Africa,elec_t_d,year,year,GWa,1.0,2040,1985
940,electr,final,M1,South Africa,South Africa,elec_t_d,year,year,GWa,1.0,2020,1985
941,electr,final,M1,South Africa,South Africa,elec_t_d,year,year,GWa,1.0,2000,1985
942,electr,final,M1,South Africa,South Africa,elec_t_d,year,year,GWa,1.0,2010,1985
943,electr,final,M1,South Africa,South Africa,elec_t_d,year,year,GWa,1.0,2030,1985
944,electr,final,M1,South Africa,South Africa,elec_t_d,year,year,GWa,1.0,2005,1985
945,electr,final,M1,South Africa,South Africa,elec_t_d,year,year,GWa,1.0,1995,1985
946,gas,final,M1,South Africa,South Africa,gas_t_d,year,year,GWa,1.0,1990,1975
947,gas,final,M1,South Africa,South Africa,gas_t_d,year,year,GWa,1.0,1995,1975
948,gas,final,M1,South Africa,South Africa,gas_t_d,year,year,GWa,1.0,2005,1975
949,gas,final,M1,South Africa,South Africa,gas_t_d,year,year,GWa,1.0,2000,1975
950,gas,final,M1,South Africa,South Africa,gas_t_d,year,year,GWa,1.0,2010,1975
951,gas,final,M1,South Africa,South Africa,gas_t_d,year,year,GWa,1.0,1990,1980
952,gas,final,M1,South Africa,South Africa,gas_t_d,year,year,GWa,1.0,1995,1980
953,gas,final,M1,South Africa,South Africa,gas_t_d,year,year,GWa,1.0,2005,1980
954,gas,final,M1,South Africa,South Africa,gas_t_d,year,year,GWa,1.0,2020,1980
955,gas,final,M1,South Africa,South Africa,gas_t_d,year,year,GWa,1.0,2000,1980
956,gas,final,M1,South Africa,South Africa,gas_t_d,year,year,GWa,1.0,2010,1980
957,gas,final,M1,South Africa,South Africa,gas_t_d,year,year,GWa,1.0,1990,1985
958,gas,final,M1,South Africa,South Africa,gas_t_d,year,year,GWa,1.0,1995,1985
959,gas,final,M1,South Africa,South Africa,gas_t_d,year,year,GWa,1.0,2005,1985
960,gas,final,M1,South Africa,South Africa,gas_t_d,year,year,GWa,1.0,2020,1985
961,gas,final,M1,South Africa,South Africa,gas_t_d,year,year,GWa,1.0,2000,1985
962,gas,final,M1,South Africa,South Africa,gas_t_d,year,year,GWa,1.0,2010,1985
963,biomass,primary,M1,South Africa,South Africa,bio_extr,year,year,???,1.0,2010,2010
964,biomass,primary,M1,South Africa,South Africa,bio_extr,year,year,???,1.0,2020,2020
965,biomass,primary,M1,South Africa,South Africa,bio_extr,year,year,???,1.0,2030,2030
966,biomass,primary,M1,South Africa,South Africa,bio_extr,year,year,???,1.0,2040,2040
967,biomass,primary,M1,South Africa,South Africa,bio_extr,year,year,???,1.0,2050,2050
968,gas,primary,M1,South Africa,South Africa,gas_ind,year,year,???,1.0,2010,2010
969,electr,secondary,M1,South Africa,South Africa,wind_ppl,year,year,???,1.0,2010,2010
970,electr,secondary,M1,South Africa,South Africa,wind_ppl,year,year,???,1.0,2020,2020
971,electr,secondary,M1,South Africa,South Africa,wind_ppl,year,year,???,1.0,2030,2030
972,electr,secondary,M1,South Africa,South Africa,wind_ppl,year,year,???,1.0,2040,2040
973,electr,secondary,M1,South Africa,South Africa,wind_ppl,year,year,???,1.0,2050,2050
974,electr,secondary,M1,South Africa,South Africa,wind_ppl,year,year,???,1.0,2020,2010
975,electr,secondary,M1,South Africa,South Africa,wind_ppl,year,year,???,1.0,2030,2010
976,electr,secondary,M1,South Africa,South Africa,wind_ppl,year,year,???,1.0,2030,2020
977,electr,secondary,M1,South Africa,South Africa,wind_ppl,year,year,???,1.0,2040,2010
978,electr,secondary,M1,South Africa,South Africa,wind_ppl,year,year,???,1.0,2040,2020
979,electr,secondary,M1,South Africa,South Africa,wind_ppl,year,year,???,1.0,2040,2030
980,electr,secondary,M1,South Africa,South Africa,wind_ppl,year,year,???,1.0,2050,2030
981,electr,secondary,M1,South Africa,South Africa,wind_ppl,year,year,???,1.0,2050,2040
982,electr,secondary,M1,South Africa,South Africa,solar_pv_ppl,year,year,???,1.0,2010,2010
983,electr,secondary,M1,South Africa,South Africa,solar_pv_ppl,year,year,???,1.0,2020,2020
984,electr,secondary,M1,South Africa,South Africa,solar_pv_ppl,year,year,???,1.0,2030,2030
985,electr,secondary,M1,South Africa,South Africa,solar_pv_ppl,year,year,???,1.0,2040,2040
986,electr,secondary,M1,South Africa,South Africa,solar_pv_ppl,year,year,???,1.0,2050,2050
987,electr,secondary,M1,South Africa,South Africa,solar_pv_ppl,year,year,???,1.0,2020,2010
988,electr,secondary,M1,South Africa,South Africa,solar_pv_ppl,year,year,???,1.0,2030,2010
989,electr,secondary,M1,South Africa,South Africa,solar_pv_ppl,year,year,???,1.0,2030,2020
990,electr,secondary,M1,South Africa,South Africa,solar_pv_ppl,year,year,???,1.0,2040,2010
991,electr,secondary,M1,South Africa,South Africa,solar_pv_ppl,year,year,???,1.0,2040,2020
992,electr,secondary,M1,South Africa,South Africa,solar_pv_ppl,year,year,???,1.0,2040,2030
993,electr,secondary,M1,South Africa,South Africa,solar_pv_ppl,year,year,???,1.0,2050,2030
994,electr,secondary,M1,South Africa,South Africa,solar_pv_ppl,year,year,???,1.0,2050,2040
995,electr,secondary,M1,South Africa,South Africa,solar_th_ppl_base,year,year,???,1.0,2010,2010
996,electr,secondary,M1,South Africa,South Africa,solar_th_ppl_base,year,year,???,1.0,2020,2020
997,electr,secondary,M1,South Africa,South Africa,solar_th_ppl_base,year,year,???,1.0,2030,2030
998,electr,secondary,M1,South Africa,South Africa,solar_th_ppl_base,year,year,???,1.0,2040,2040
999,electr,secondary,M1,South Africa,South Africa,solar_th_ppl_base,year,year,???,1.0,2050,2050
1000,electr,secondary,M1,South Africa,South Africa,solar_th_ppl_base,year,year,???,1.0,2020,2010
1001,electr,secondary,M1,South Africa,South Africa,solar_th_ppl_base,year,year,???,1.0,2030,2010
1002,electr,secondary,M1,South Africa,South Africa,solar_th_ppl_base,year,year,???,1.0,2030,2020
1003,electr,secondary,M1,South Africa,South Africa,solar_th_ppl_base,year,year,???,1.0,2040,2020
1004,electr,secondary,M1,South Africa,South Africa,solar_th_ppl_base,year,year,???,1.0,2040,2030
1005,electr,secondary,M1,South Africa,South Africa,solar_th_ppl_base,year,year,???,1.0,2050,2030
1006,electr,secondary,M1,South Africa,South Africa,solar_th_ppl_base,year,year,???,1.0,2050,2040
1007,electr,secondary,M1,South Africa,South Africa,solar_th_ppl,year,year,???,1.0,2010,2010
1008,electr,secondary,M1,South Africa,South Africa,solar_th_ppl,year,year,???,1.0,2020,2020
1009,electr,secondary,M1,South Africa,South Africa,solar_th_ppl,year,year,???,1.0,2030,2030
1010,electr,secondary,M1,South Africa,South Africa,solar_th_ppl,year,year,???,1.0,2040,2040
1011,electr,secondary,M1,South Africa,South Africa,solar_th_ppl,year,year,???,1.0,2050,2050
1012,electr,secondary,M1,South Africa,South Africa,solar_th_ppl,year,year,???,1.0,2020,2010
1013,electr,secondary,M1,South Africa,South Africa,solar_th_ppl,year,year,???,1.0,2030,2010
1014,electr,secondary,M1,South Africa,South Africa,solar_th_ppl,year,year,???,1.0,2030,2020
1015,electr,secondary,M1,South Africa,South Africa,solar_th_ppl,year,year,???,1.0,2040,2020
1016,electr,secondary,M1,South Africa,South Africa,solar_th_ppl,year,year,???,1.0,2040,2030
1017,electr,secondary,M1,South Africa,South Africa,solar_th_ppl,year,year,???,1.0,2050,2030
1018,electr,secondary,M1,South Africa,South Africa,solar_th_ppl,year,year,???,1.0,2050,2040
1019,crudeoil,primary,M1,South Africa,South Africa,oil_extr,year,year,???,1.0,2010,2010
1020,crudeoil,primary,M1,South Africa,South Africa,oil_extr,year,year,???,1.0,2020,2020
1021,crudeoil,primary,M1,South Africa,South Africa,oil_extr,year,year,???,1.0,2030,2030
1022,crudeoil,primary,M1,South Africa,South Africa,oil_extr,year,year,???,1.0,2040,2040
1023,crudeoil,primary,M1,South Africa,South Africa,oil_extr,year,year,???,1.0,2050,2050
1024,gas,primary,M1,South Africa,South Africa,gas_extr,year,year,???,1.0,2010,2010
1025,gas,primary,M1,South Africa,South Africa,gas_extr,year,year,???,1.0,2020,2020
1026,gas,primary,M1,South Africa,South Africa,gas_extr,year,year,???,1.0,2030,2030
1027,gas,primary,M1,South Africa,South Africa,gas_extr,year,year,???,1.0,2040,2040
1028,gas,primary,M1,South Africa,South Africa,gas_extr,year,year,???,1.0,2050,2050
1029,gas,primary,M1,South Africa,South Africa,shale_extr,year,year,???,1.0,2020,2020
1030,gas,primary,M1,South Africa,South Africa,shale_extr,year,year,???,1.0,2030,2030
1031,gas,primary,M1,South Africa,South Africa,shale_extr,year,year,???,1.0,2040,2040
1032,gas,primary,M1,South Africa,South Africa,shale_extr,year,year,???,1.0,2050,2050
1033,rc_therm,useful,M1,South Africa,South Africa,solar_rc,year,year,???,1.0,2010,2010
1034,rc_therm,useful,M1,South Africa,South Africa,solar_rc,year,year,???,1.0,2020,2020
1035,rc_therm,useful,M1,South Africa,South Africa,solar_rc,year,year,???,1.0,2030,2030
1036,rc_therm,useful,M1,South Africa,South Africa,solar_rc,year,year,???,1.0,2040,2040
1037,rc_therm,useful,M1,South Africa,South Africa,solar_rc,year,year,???,1.0,2050,2050
1038,i_therm,useful,M1,South Africa,South Africa,solar_i,year,year,???,1.0,2010,2010
1039,i_therm,useful,M1,South Africa,South Africa,solar_i,year,year,???,1.0,2020,2020
1040,i_therm,useful,M1,South Africa,South Africa,solar_i,year,year,???,1.0,2030,2030
1041,i_therm,useful,M1,South Africa,South Africa,solar_i,year,year,???,1.0,2040,2040
1042,i_therm,useful,M1,South Africa,South Africa,solar_i,year,year,???,1.0,2050,2050
1043,i_therm,useful,M1,South Africa,South Africa,solar_i,year,year,???,1.0,2020,2010
1044,i_therm,useful,M1,South Africa,South Africa,solar_i,year,year,???,1.0,2030,2020
1045,i_therm,useful,M1,South Africa,South Africa,solar_i,year,year,???,1.0,2040,2030
1046,i_therm,useful,M1,South Africa,South Africa,solar_i,year,year,???,1.0,2050,2040
1047,electr,secondary,M1,South Africa,South Africa,hydro_ppl,year,year,???,1.0,2010,2010
1048,electr,secondary,M1,South Africa,South Africa,hydro_ppl,year,year,???,1.0,2020,2020
1049,electr,secondary,M1,South Africa,South Africa,hydro_ppl,year,year,???,1.0,2030,2030
1050,electr,secondary,M1,South Africa,South Africa,hydro_ppl,year,year,???,1.0,2040,2040
1051,electr,secondary,M1,South Africa,South Africa,hydro_ppl,year,year,???,1.0,2050,2050
1052,electr,secondary,M1,South Africa,South Africa,hydro_ppl,year,year,???,1.0,2040,2020
1053,electr,secondary,M1,South Africa,South Africa,hydro_ppl,year,year,???,1.0,2040,2030
1054,electr,secondary,M1,South Africa,South Africa,hydro_ppl,year,year,???,1.0,2050,2040
1055,electr,secondary,M1,South Africa,South Africa,hydro_ppl,year,year,???,1.0,2050,2010
1056,electr,secondary,M1,South Africa,South Africa,hydro_ppl,year,year,???,1.0,2030,2010
1057,electr,secondary,M1,South Africa,South Africa,hydro_ppl,year,year,???,1.0,2020,2010
1058,electr,secondary,M1,South Africa,South Africa,hydro_ppl,year,year,???,1.0,2030,2020
1059,electr,secondary,M1,South Africa,South Africa,hydro_ppl,year,year,???,1.0,2050,2020
1060,electr,secondary,M1,South Africa,South Africa,hydro_ppl,year,year,???,1.0,2040,2010
1061,electr,secondary,M1,South Africa,South Africa,hydro_ppl,year,year,???,1.0,2050,2030
1062,electr,secondary,M1,South Africa,South Africa,nuc_ppl,year,year,???,1.0,2010,2010
1063,electr,secondary,M1,South Africa,South Africa,nuc_ppl,year,year,???,1.0,2020,2020
1064,electr,secondary,M1,South Africa,South Africa,nuc_ppl,year,year,???,1.0,2030,2030
1065,electr,secondary,M1,South Africa,South Africa,nuc_ppl,year,year,???,1.0,2040,2040
1066,electr,secondary,M1,South Africa,South Africa,nuc_ppl,year,year,???,1.0,2050,2050
1067,electr,secondary,M1,South Africa,South Africa,nuc_ppl,year,year,???,1.0,2020,2010
1068,electr,secondary,M1,South Africa,South Africa,nuc_ppl,year,year,???,1.0,2030,2010
1069,electr,secondary,M1,South Africa,South Africa,nuc_ppl,year,year,???,1.0,2030,2020
1070,electr,secondary,M1,South Africa,South Africa,nuc_ppl,year,year,???,1.0,2040,2010
1071,electr,secondary,M1,South Africa,South Africa,nuc_ppl,year,year,???,1.0,2040,2020
1072,electr,secondary,M1,South Africa,South Africa,nuc_ppl,year,year,???,1.0,2040,2030
1073,electr,secondary,M1,South Africa,South Africa,nuc_ppl,year,year,???,1.0,2050,2010
1074,electr,secondary,M1,South Africa,South Africa,nuc_ppl,year,year,???,1.0,2050,2020
1075,electr,secondary,M1,South Africa,South Africa,nuc_ppl,year,year,???,1.0,2050,2030
1076,electr,secondary,M1,South Africa,South Africa,nuc_ppl,year,year,???,1.0,2050,2040
1077,fueloil,secondary,M1,South Africa,South Africa,foil_imp,year,year,???,1.0,2010,2010
1078,fueloil,secondary,M1,South Africa,South Africa,foil_imp,year,year,???,1.0,2020,2020
1079,fueloil,secondary,M1,South Africa,South Africa,foil_imp,year,year,???,1.0,2030,2030
1080,fueloil,secondary,M1,South Africa,South Africa,foil_imp,year,year,???,1.0,2040,2040
1081,fueloil,secondary,M1,South Africa,South Africa,foil_imp,year,year,???,1.0,2050,2050
1082,lightoil,secondary,M1,South Africa,South Africa,loil_imp,year,year,???,1.0,2010,2010
1083,lightoil,secondary,M1,South Africa,South Africa,loil_imp,year,year,???,1.0,2020,2020
1084,lightoil,secondary,M1,South Africa,South Africa,loil_imp,year,year,???,1.0,2030,2030
1085,lightoil,secondary,M1,South Africa,South Africa,loil_imp,year,year,???,1.0,2040,2040
1086,lightoil,secondary,M1,South Africa,South Africa,loil_imp,year,year,???,1.0,2050,2050
1087,electr,secondary,M1,South Africa,South Africa,elec_imp,year,year,???,1.0,2010,2010
1088,electr,secondary,M1,South Africa,South Africa,elec_imp,year,year,???,1.0,2020,2020
1089,electr,secondary,M1,South Africa,South Africa,elec_imp,year,year,???,1.0,2030,2030
1090,electr,secondary,M1,South Africa,South Africa,elec_imp,year,year,???,1.0,2040,2040
1091,electr,secondary,M1,South Africa,South Africa,elec_imp,year,year,???,1.0,2050,2050
1092,crudeoil,secondary,M1,South Africa,South Africa,oil_imp,year,year,???,1.0,2010,2010
1093,crudeoil,secondary,M1,South Africa,South Africa,oil_imp,year,year,???,1.0,2020,2020
1094,crudeoil,secondary,M1,South Africa,South Africa,oil_imp,year,year,???,1.0,2030,2030
1095,crudeoil,secondary,M1,South Africa,South Africa,oil_imp,year,year,???,1.0,2040,2040
1096,crudeoil,secondary,M1,South Africa,South Africa,oil_imp,year,year,???,1.0,2050,2050
1097,gas,secondary,M1,South Africa,South Africa,gas_imp,year,year,???,1.0,2010,2010
1098,gas,secondary,M1,South Africa,South Africa,gas_imp,year,year,???,1.0,2020,2020
1099,gas,secondary,M1,South Africa,South Africa,gas_imp,year,year,???,1.0,2030,2030
1100,gas,secondary,M1,South Africa,South Africa,gas_imp,year,year,???,1.0,2040,2040
1101,gas,secondary,M1,South Africa,South Africa,gas_imp,year,year,???,1.0,2050,2050
1102,coal,secondary,M1,South Africa,South Africa,coal_imp,year,year,???,1.0,2010,2010
1103,coal,secondary,M1,South Africa,South Africa,coal_imp,year,year,???,1.0,2020,2020
1104,coal,secondary,M1,South Africa,South Africa,coal_imp,year,year,???,1.0,2030,2030
1105,coal,secondary,M1,South Africa,South Africa,coal_imp,year,year,???,1.0,2040,2040
1106,coal,secondary,M1,South Africa,South Africa,coal_imp,year,year,???,1.0,2050,2050
